time,target,actual,control,p_term,i_term,source_label
0.00000000,0,0,0,0,0,闭环仿真数据，非实测
0.02000000,0,0,0,0,0,闭环仿真数据，非实测
0.04000000,0,0,0,0,0,闭环仿真数据，非实测
0.06000000,0,0,0,0,0,闭环仿真数据，非实测
0.08000000,0,0,0,0,0,闭环仿真数据，非实测
0.10000000,0,0,0,0,0,闭环仿真数据，非实测
0.12000000,0,0,0,0,0,闭环仿真数据，非实测
0.14000000,0,0,0,0,0,闭环仿真数据，非实测
0.16000000,0,0,0,0,0,闭环仿真数据，非实测
0.18000000,0,0,0,0,0,闭环仿真数据，非实测
0.20000000,0,0,0,0,0,闭环仿真数据，非实测
0.22000000,0,0,0,0,0,闭环仿真数据，非实测
0.24000000,0,0,0,0,0,闭环仿真数据，非实测
0.26000000,0,0,0,0,0,闭环仿真数据，非实测
0.28000000,0,0,0,0,0,闭环仿真数据，非实测
0.30000000,0,0,0,0,0,闭环仿真数据，非实测
0.32000000,0,0,0,0,0,闭环仿真数据，非实测
0.34000000,0,0,0,0,0,闭环仿真数据，非实测
0.36000000,0,0,0,0,0,闭环仿真数据，非实测
0.38000000,0,0,0,0,0,闭环仿真数据，非实测
0.40000000,0,0,0,0,0,闭环仿真数据，非实测
0.42000000,0,0,0,0,0,闭环仿真数据，非实测
0.44000000,0,0,0,0,0,闭环仿真数据，非实测
0.46000000,0,0,0,0,0,闭环仿真数据，非实测
0.48000000,0,0,0,0,0,闭环仿真数据，非实测
0.50000000,0,0,0,0,0,闭环仿真数据，非实测
0.52000000,0,0,0,0,0,闭环仿真数据，非实测
0.54000000,0,0,0,0,0,闭环仿真数据，非实测
0.56000000,0,0,0,0,0,闭环仿真数据，非实测
0.58000000,0,0,0,0,0,闭环仿真数据，非实测
0.60000000,0,0,0,0,0,闭环仿真数据，非实测
0.62000000,0,0,0,0,0,闭环仿真数据，非实测
0.64000000,0,0,0,0,0,闭环仿真数据，非实测
0.66000000,0,0,0,0,0,闭环仿真数据，非实测
0.68000000,0,0,0,0,0,闭环仿真数据，非实测
0.70000000,0,0,0,0,0,闭环仿真数据，非实测
0.72000000,0,0,0,0,0,闭环仿真数据，非实测
0.74000000,0,0,0,0,0,闭环仿真数据，非实测
0.76000000,0,0,0,0,0,闭环仿真数据，非实测
0.78000000,0,0,0,0,0,闭环仿真数据，非实测
0.80000000,0,0,0,0,0,闭环仿真数据，非实测
0.82000000,0,0,0,0,0,闭环仿真数据，非实测
0.84000000,0,0,0,0,0,闭环仿真数据，非实测
0.86000000,0,0,0,0,0,闭环仿真数据，非实测
0.88000000,0,0,0,0,0,闭环仿真数据，非实测
0.90000000,0,0,0,0,0,闭环仿真数据，非实测
0.92000000,0,0,0,0,0,闭环仿真数据，非实测
0.94000000,0,0,0,0,0,闭环仿真数据，非实测
0.96000000,0,0,0,0,0,闭环仿真数据，非实测
0.98000000,0,0,0,0,0,闭环仿真数据，非实测
1.00000000,1,0,2.04,2,0.040000000000000001,闭环仿真数据，非实测
1.02000000,1,0.040394706454219283,1.9975947988333926,1.9192105870915614,0.078384211741831231,闭环仿真数据，非实测
1.04000000,1,0.079149864887468085,1.9569184873713963,1.8417002702250638,0.11521821714633251,闭环仿真数据，非实测
1.06000000,1,0.11633217483559652,1.9179005804817155,1.7673356503288069,0.15056493015290864,闭环仿真数据，非实测
1.08000000,1,0.15200561939602342,1.8804734665850209,1.6959887612079532,0.18448470537706771,闭环仿真数据，非实测
1.10000000,1,0.18623157591698219,1.8445722905064241,1.6275368481660357,0.21703544234038841,闭环仿真数据，非实测
1.12000000,1,0.21906892217527668,1.810134841102824,1.5618621556494467,0.24827268545337733,闭环仿真数据，非实测
1.14000000,1,0.25057413822644869,1.7771014434714221,1.4988517235471026,0.27824971992431941,闭环仿真数据，非实测
1.16000000,1,0.28080140410376297,1.745414855552643,1.4383971917924741,0.30701766376016887,闭环仿真数据，非实测
1.18000000,1,0.30980269353522299,1.715020168948314,1.3803946129295541,0.33462555601875993,闭环仿真数据，非实测
1.20000000,1,0.33762786384093424,1.6858647137832541,1.3247442723181315,0.36112044146512257,闭环仿真数据，非实测
1.22000000,1,0.36432474216651328,1.6578979674454355,1.2713505156669735,0.38654745177846206,闭环仿真数据，非实测
1.24000000,1,0.38993920820189554,1.6310714670465951,1.2201215835962089,0.41094988345038624,闭环仿真数据，非实测
1.26000000,1,0.41451527352880424,1.6053387254516256,1.1709694529423915,0.43436927250923407,闭环仿真数据，非实测
1.28000000,1,0.43809515773430546,1.5806551507312507,1.123809684531389,0.45684546619986183,闭环仿真数据，非实测
1.30000000,1,0.46071936142226944,1.5569779688984322,1.0785612771554611,0.47841669174297108,闭环仿真数据，非实测
1.32000000,1,0.48242673624918647,1.5342661497946306,1.0351465275016269,0.49911962229300361,闭环仿真数据，非实测
1.34000000,1,0.50325455210563075,1.512480335997517,0.9934908957887385,0.51898944020877835,闭环仿真数据，非实测
1.36000000,1,0.52323856155972004,1.4915827746269494,0.95352287688055992,0.53805989774638951,闭环仿真数据，非实测
1.38000000,1,0.54241306167417724,1.4715372519310681,0.91517387665164551,0.55636337527942248,闭环仿真数据，非实测
1.40000000,1,0.5608109533040504,1.4523090305391597,0.87837809339189921,0.57393093714726051,闭环仿真数据，非实测
1.42000000,1,0.57846379797778236,1.4338647892725844,0.84307240404443529,0.59079238522814925,闭环仿真数据，非实测
1.44000000,1,0.59540187246013621,1.4161725654094712,0.80919625507972759,0.60697631032974375,闭环仿真数据，非实测
1.46000000,1,0.61165422109146683,1.3992016993031515,0.77669155781706634,0.62251014148608508,闭环仿真数据，非实测
1.48000000,1,0.62724870599397742,1.3829227812583711,0.74550258801204516,0.63742019324632593,闭环仿真数据，非实测
1.50000000,1,0.64221205523190328,1.3673076005732432,0.71557588953619344,0.65173171103704974,闭环仿真数据，非实测
1.52000000,1,0.65656990900902368,1.3523290966586414,0.68686018198195264,0.66546891467668878,闭环仿真数据，非实测
1.54000000,1,0.6703468639835003,1.3379613121503482,0.65930627203299941,0.67865504011734878,闭环仿真数据，非实测
1.56000000,1,0.6835665157767824,1.3241793479327126,0.6328669684464352,0.69131237948627744,闭环仿真数据，非实测
1.58000000,1,0.69625149975018674,1.3109593199958964,0.60749700049962652,0.70346231949626992,闭环仿真数据，非实测
1.60000000,1,0.70842353011976433,1.2982783180519508,0.58315293976047133,0.71512537829147937,闭环仿真数据，非实测
1.62000000,1,0.72010343747718419,1.2861143658380236,0.55979312504563161,0.72632124079239202,闭环仿真数据，非实测
1.64000000,1,0.73131120478160394,1.27444638303792,0.53737759043679212,0.7370687926011279,闭环仿真数据，非实测
1.66000000,1,0.74206600188485095,1.2632541487560318,0.51586799623029811,0.74738615252573382,闭环仿真数据，非实测
1.68000000,1,0.75238621864969413,1.2525182664803578,0.49522756270061175,0.75729070377974605,闭环仿真数据，非实测
1.70000000,1,0.76228949671855062,1.2422201304739029,0.47542100656289876,0.76679912391100402,闭环仿真数据，非实测
1.72000000,1,0.77179275998763641,1.2323418935362258,0.45641448002472718,0.77592741351149852,闭环仿真数据，非实测
1.74000000,1,0.78091224383932278,1.22286643607928,0.43817551232135443,0.7846909237579256,闭环仿真数据，非实测
1.76000000,1,0.78966352318331523,1.2137773364639626,0.42067295363336954,0.79310438283059304,闭环仿真数据，非实测
1.78000000,1,0.79806153935520319,1.2050588425459785,0.40387692128959363,0.80118192125638488,闭环仿真数据，非实测
1.80000000,1,0.80612062591895328,1.1966958443817202,0.38775874816209344,0.80893709621962673,闭环仿真数据，非实测
1.82000000,1,0.81385453341801994,1.1886738480468662,0.37229093316396011,0.81638291488290593,闭环仿真数据，非实测
1.84000000,1,0.82127645311792385,1.1809789505223414,0.35744709376415229,0.82353185675818896,闭环仿真数据，非实测
1.86000000,1,0.82839903978140483,1.1735978156041231,0.34320192043719033,0.8303958951669328,闭环仿真数据，非实测
1.88000000,1,0.83523443351557869,1.1665176507951522,0.32953113296884262,0.83698651782630962,闭环仿真数据，非实测
1.90000000,1,0.84179428072892071,1.1597261851393115,0.31641143854215859,0.84331474659715278,闭环仿真数据，非实测
1.92000000,1,0.84808975423435629,1.1532116479590659,0.30382049153128743,0.84939115642777852,闭环仿真数据，非实测
1.94000000,1,0.85413157253326077,1.1469627484599265,0.29173685493347845,0.85522589352644807,闭环仿真数据，非实测
1.96000000,1,0.85993001831375171,1.1409686561663945,0.28013996337249658,0.86082869279389795,闭环仿真数据，非实测
1.98000000,1,0.86549495619529637,1.1352189821554934,0.26901008760940726,0.86620889454608607,闭环仿真数据，非实测
2.00000000,1,0.87083584975035144,1.1297037610553691,0.25832830049929711,0.87137546055607207,闭环仿真数据，非实测
2.02000000,1,0.87596177783250007,1.124413433777772,0.24807644433499987,0.87633698944277205,闭环仿真数据，非实测
2.04000000,1,0.88088145023935005,1.119338830954498,0.2382370995212999,0.88110173143319803,闭环仿真数据，非实测
2.06000000,1,0.88560322273730607,1.1144711570490937,0.22879355452538785,0.88567760252370575,闭环仿真数据，非实测
2.08000000,1,0.89013511147422186,1.1098019751162931,0.21972977705155627,0.89007219806473692,闭环仿真数据，非实测
2.10000000,1,0.89448480680487896,1.1053231921827837,0.21103038639024208,0.89429280579254178,闭环仿真数据，非实测
2.12000000,1,0.89865968655322304,1.1010270452239668,0.20268062689355393,0.89834641833041284,闭环仿真数据，非实测
2.14000000,1,0.90266682873431148,1.0969060877124175,0.19466634253137705,0.90223974518104033,闭环仿真数据，非实测
2.16000000,1,0.90651302375799081,1.0929531767147391,0.18697395248401838,0.90597922423072075,闭环仿真数据，非实测
2.18000000,1,0.91020478613542588,1.089161460514452,0.17959042772914824,0.90957103278530371,闭环仿真数据，非实测
2.20000000,1,0.91374836570874163,1.0855243667394707,0.17250326858251674,0.91302109815695409,闭环仿真数据，非实测
2.22000000,1,0.91714975842321034,1.082035590973605,0.16570048315357933,0.9163351078200257,闭环仿真数据，非实测
2.24000000,1,0.92041471666062835,1.0786890858323439,0.1591705666787433,0.91951851915360061,闭环仿真数据，非实测
2.26000000,1,0.92354875915176471,1.0754790504840006,0.15290248169647058,0.92257656878753003,闭环仿真数据，非实测
2.28000000,1,0.92655718048503422,1.0723999205980603,0.14688563902993157,0.92551428156812865,闭环仿真数据，非实测
2.30000000,1,0.92944506022785023,1.0694463587033143,0.14110987954429954,0.92833647915901463,闭环仿真数据，非实测
2.32000000,1,0.93221727167644142,1.0666132449390742,0.13556545664711717,0.931047788291957,闭环仿真数据，非实测
2.34000000,1,0.93487849024927139,1.0638956681834433,0.13024301950145722,0.93365264868198616,闭环仿真数据，非实测
2.36000000,1,0.93743320153858645,1.0612889175432698,0.12513359692282711,0.93615532062044271,闭环仿真数据，非实测
2.38000000,1,0.93988570903402091,1.0587884741910401,0.12022858193195818,0.93855989225908187,闭环仿真数据，非实测
2.40000000,1,0.94224014153162527,1.0563900035345664,0.11551971693674945,0.94087028659781691,闭环仿真数据，非实测
2.42000000,1,0.94450046024113432,1.054089347705903,0.11099907951773136,0.94309026818817154,闭环仿真数据，非实测
2.44000000,1,0.94667046560377344,1.0518825183564737,0.10665906879245313,0.9452234495640206,闭环仿真数据，非实测
2.46000000,1,0.94875380383239649,1.0497656897459318,0.10249239233520702,0.94727329741072475,闭环仿真数据，非实测
2.48000000,1,0.95075397318527111,1.0477351921127718,0.098492053629457788,0.94924313848331388,闭环仿真数据，非实测
2.50000000,1,0.95267432998436363,1.0457875053152121,0.094651340031272735,0.95113616528393929,闭环仿真数据，非实测
2.52000000,1,0.95451809438853519,1.0439192527313275,0.090963811222929625,0.95295544150839784,闭环仿真数据，非实测
2.54000000,1,0.9562883559316353,1.0421271954078617,0.087423288136729393,0.95470390727113241,闭环仿真数据，非实测
2.56000000,1,0.95798807883507298,1.0404082264475836,0.084023842329854048,0.95638438411772952,闭环仿真数据，非实测
2.58000000,1,0.95962010710405377,1.0387593656254599,0.080759785791892469,0.95799957983356743,闭环仿真数据，非实测
2.60000000,1,0.96118716941629734,1.037177754224321,0.077625661167405324,0.95955209305691558,闭环仿真数据，非实测
2.62000000,1,0.96269188381169168,1.0356606500810646,0.074616232376616631,0.96104441770444793,闭环仿真数据，非实测
2.64000000,1,0.96413676219099453,1.0342054228348192,0.071726475618010932,0.96247894721680816,闭环仿真数据，非实测
2.66000000,1,0.96552421463136096,1.0328095493688318,0.068951570737278089,0.96385797863155376,闭环仿真数据，非实测
2.68000000,1,0.96685655352616195,1.0314706094381834,0.06628689294767609,0.96518371649050727,闭环仿真数据，非实测
2.70000000,1,0.96813599755625146,1.0301862814757543,0.063728004887497081,0.96645827658825723,闭环仿真数据，非实测
2.72000000,1,0.96936467549955019,1.0289543385691748,0.061270649000899624,0.96768368956827522,闭环仿真数据，非实测
2.74000000,1,0.97054462988553225,1.0277726446017894,0.058910740228935499,0.96886190437285391,闭环仿真数据，非实测
2.76000000,1,0.97167782050093476,1.0266391505509471,0.056644358998130473,0.96999479155281654,闭环仿真数据，非实测
2.78000000,1,0.97276612775275029,1.0255518909372059,0.054467744494499426,0.97108414644270658,闭环仿真数据，非实测
2.80000000,1,0.97381135589431789,1.0245089804182981,0.052377288211364226,0.97213169220693385,闭环仿真数据，非实测
2.82000000,1,0.97481523612008869,1.0235086105219531,0.050369527759822619,0.97313908276213035,闭环仿真数据，非实测
2.84000000,1,0.97577942953441643,1.0225490465119207,0.048441140931167137,0.97410790558075366,闭环仿真数据，非实测
2.86000000,1,0.97670552999950588,1.0216286243817616,0.046588940000988233,0.97503968438077337,闭环仿真数据，非实测
2.88000000,1,0.97759506686744035,1.020745747971195,0.044809866265119291,0.97593588170607581,闭环仿真数据，非实测
2.90000000,1,0.97844950760101179,1.0198988862000118,0.043100984797976416,0.97679790140203537,闭环仿真数据，非实测
2.92000000,1,0.97927026028788267,1.0190865704147547,0.041459479424234669,0.97762709099052003,闭环仿真数据，非实测
2.94000000,1,0.98005867605242447,1.0183073918435741,0.039882647895151058,0.97842474394842305,闭环仿真数据，非实测
2.96000000,1,0.98081605136940209,1.0175599991548427,0.038367897261195827,0.97919210189364692,闭环仿真数据，非实测
2.98000000,1,0.98154363028350111,1.0168430961153048,0.036912739432997776,0.97993035668230688,闭环仿真数据，非实测
3.00000000,1,0.98224260653853368,1.0161554393436982,0.03551478692293264,0.98064065242076548,闭环仿真数据，非实测
3.02000000,1,0.98291412562000213,1.0154958361559612,0.034171748759995735,0.98132408739596544,闭环仿真数据，非实测
3.04000000,1,0.9835592867145494,1.0148631424982848,0.032881426570901207,0.98198171592738348,闭环仿真数据，非实测
3.06000000,1,0.98417914458968137,1.0142562609644334,0.03164171082063727,0.98261455014379617,闭环仿真数据，非实测
3.08000000,1,0.98477471139700856,1.0136741388938986,0.030450577205982876,0.9832235616879158,闭环仿真数据，非实测
3.10000000,1,0.98534695840212227,1.0131157665475863,0.02930608319575545,0.98380968335183094,闭环仿真数据，非实测
3.12000000,1,0.98589681764409265,1.0125801753578818,0.028206364711814702,0.98437381064606722,闭环仿真数据，非实测
3.14000000,1,0.98642518352745612,1.0120664362500569,0.027149632945087765,0.984916803304969,闭环仿真数据，非实测
3.16000000,1,0.98693291434944042,1.0115736580321104,0.026134171301119169,0.98543948673099135,闭环仿真数据，非实测
3.18000000,1,0.9874208337650654,1.011100985850258,0.025158332469869205,0.98594265338038878,闭环仿真数据，非实测
3.20000000,1,0.98788973219264997,1.0106475997073829,0.024220535614700056,0.98642706409268277,闭环仿真数据，非实测
3.22000000,1,0.98834036816215076,1.0102127130418952,0.023319263675698476,0.98689344936619672,闭环仿真数据，非实测
3.24000000,1,0.98877346960866186,1.0097955713645266,0.022453060782676282,0.9873425105818503,闭环仿真数据，非实测
3.26000000,1,0.98918973511330832,1.0093954509507013,0.021620529773383357,0.98777492117731791,闭环仿真数据，非实测
3.28000000,1,0.98958983509367549,1.0090116575862198,0.02082032981264903,0.98819132777357088,闭环仿真数据，非实测
3.30000000,1,0.98997441294582855,1.0086435253640806,0.020051174108342895,0.98859235125573774,闭环仿真数据，非实测
3.32000000,1,0.99034408613989533,1.0082904155303511,0.01931182772020934,0.98897858781014192,闭环仿真数据，非实测
3.34000000,1,0.99069944727110026,1.0079517153770974,0.018601105457799472,0.98935060991929791,闭环仿真数据，非实测
3.36000000,1,0.99104106506806655,1.007626837180442,0.017917869863866898,0.98970896731657521,闭环仿真数据，非实测
3.38000000,1,0.99136948536012337,1.0073152171819235,0.017261029279753259,0.99005418790217026,闭环仿真数据，非实测
3.40000000,1,0.99168523200528969,1.0070163146113793,0.01662953598942063,0.99038677862195867,闭环仿真数据，非实测
3.42000000,1,0.991988807780534,1.0067296107496693,0.016022384438932002,0.99070722631073727,闭环仿真数据，非实测
3.44000000,1,0.9922806952358465,1.0064546080296104,0.015438609528307001,0.9910159985013034,闭环仿真数据，非实测
3.46000000,1,0.99256135751359731,1.0061908291735648,0.014877284972805382,0.99131354420075946,闭环仿真数据，非实测
3.48000000,1,0.9928312391345927,1.0059378163661905,0.014337521730814595,0.9916002946353758,闭环仿真数据，非实测
3.50000000,1,0.99309076675218577,1.005695130460917,0.013818466495628456,0.9918766639652884,闭环仿真数据，非实测
3.52000000,1,0.99334034987574282,1.0054623502187732,0.013319300248514354,0.99214304997025871,闭环仿真数据，非实测
3.54000000,1,0.99358038156471085,1.0052390715782487,0.012839236870578308,0.99239983470767024,闭环仿真数据，非实测
3.56000000,1,0.99381123909448421,1.0050249069549224,0.012377521811031578,0.99264738514389084,闭环仿真数据，非实测
3.58000000,1,0.99403328459521823,1.0048194845696456,0.01193343080956355,0.9928860537600821,闭环仿真数据，非实测
3.60000000,1,0.99424686566469056,1.0046224478041132,0.01150626867061888,0.99311617913349448,闭环仿真数据，非实测
3.62000000,1,0.99445231595626582,1.004433454582712,0.01109536808746836,0.9933380864952438,闭环仿真数据，非实测
3.64000000,1,0.99464995574297865,1.0042521767795674,0.010700088514042694,0.99355208826552466,闭环仿真数据，非实测
3.66000000,1,0.99484009245870486,1.0040782996497666,0.010319815082590278,0.99375848456717641,闭环仿真数据，非实测
3.68000000,1,0.99502302121735497,1.0039115212837721,0.0099539575652900503,0.99395756371848221,闭环仿真数据，非实测
3.70000000,1,0.99519902531098303,1.003751552084077,0.009601949378033936,0.99414960270604291,闭环仿真数据，非实测
3.72000000,1,0.99536837668766975,1.0035981142631965,0.0092632466246604928,0.99433486763853607,闭环仿真数据，非实测
3.74000000,1,0.99553133641000247,1.0034509413621311,0.0089373271799950693,0.99451361418213602,闭环仿真数据，非实测
3.76000000,1,0.99568815509494102,1.0033097777884563,0.0086236898101179627,0.99468608797833835,闭环仿真数据，非实测
3.78000000,1,0.995839073335828,1.0031743783732492,0.0083218533283440088,0.99485252504490518,闭环仿真数据，非实测
3.80000000,1,0.99598432210726862,1.0030445079460772,0.0080313557854627682,0.99501315216061448,闭环仿真数据，非实测
3.82000000,1,0.99612412315357779,1.0029199409273157,0.0077517536928444208,0.99516818723447131,闭环仿真数据，非实测
3.84000000,1,0.99625868936146333,1.002800460937086,0.0074826212770733314,0.99531783966001275,闭环仿真数据，非实测
3.86000000,1,0.99638822511758485,1.0026858604201396,0.007223549764830306,0.99546231065530932,闭环仿真数据，非实测
3.88000000,1,0.99651292665160573,1.0025759402860337,0.0069741466967885302,0.99560179358924505,闭环仿真数据，非实测
3.90000000,1,0.9966329823653266,1.0024705095639788,0.0067340352693467942,0.99573647429463197,闭环仿真数据，非实测
3.92000000,1,0.99674857314846788,1.0023693850717574,0.0065028537030642486,0.9958665313686933,闭环仿真数据，非实测
3.94000000,1,0.99685987268164222,1.0022723910981433,0.0062802546367155543,0.99599213646142759,闭环仿真数据，非实测
3.96000000,1,0.99696704772704059,1.0021793590982648,0.006065904545918821,0.99611345455234601,闭环仿真数据，非实测
3.98000000,1,0.9970702584073291,1.0020901274013947,0.0058594831853417961,0.9962306442160529,闭环仿真数据，非实测
4.00000000,1,0.99716965847323791,1.0020045409306477,0.0056606830535241848,0.99634385787712343,闭环仿真数据，非实测
4.02000000,1,0.99726539556030047,1.0019224509341105,0.0054692088793990568,0.99645324205471142,闭环仿真数据，非实测
4.04000000,1,0.99735761143518575,1.0018437147269323,0.0052847771296284929,0.99655893759730396,闭环仿真数据，非实测
4.06000000,1,0.99744644223204526,1.0017681954439315,0.0051071155359094789,0.99666107990802211,闭环仿真数据，非实测
4.08000000,1,0.99753201867928132,1.0016957618022881,0.0049359626414373636,0.99675979916085089,闭环仿真数据，非实测
4.10000000,1,0.9976144663171268,1.0016262878739122,0.0047710673657463953,0.99685522050816577,闭环仿真数据，非实测
4.12000000,1,0.9976939057064077,1.001559652867094,0.0046121885871845958,0.99694746427990943,闭环仿真数据，非实测
4.14000000,1,0.99777045262884989,1.0014957409170555,0.0044590947423002181,0.9970366461747554,闭环仿真数据，非实测
4.16000000,1,0.99784421827927117,1.0014344408850422,0.0043115634414576665,0.99712287744358452,闭环仿真数据，非实测
4.18000000,1,0.99791530944998952,1.0013756461656058,0.0041693811000209635,0.99720626506558496,闭环仿真数据，非实测
4.20000000,1,0.99798382870776403,1.0013192545017464,0.0040323425844719374,0.99728691191727437,闭环仿真数据，非实测
4.22000000,1,0.99804987456357175,1.0012651678075879,0.0039002508728565033,0.9973649169347315,闭环仿真数据，非实测
4.24000000,1,0.99811354163551114,1.0012132919982888,0.0037729167289777266,0.99744037526931106,闭环仿真数据，非实测
4.26000000,1,0.99817492080511205,1.0011635368268825,0.0036501583897758927,0.99751337843710663,闭环仿真数据，非实测
4.28000000,1,0.99823409936731977,1.0011158157277742,0.0035318012653604569,0.99758401446241385,闭环仿真数据，非实测
4.30000000,1,0.9982911611744103,1.0010700456666168,0.003417677651179396,0.99765236801543744,闭环仿真数据，非实测
4.32000000,1,0.99834618677408327,1.0010261469963075,0.0033076264518334675,0.99771852054447407,闭环仿真数据，非实测
4.34000000,1,0.99839925354196835,1.0009840433188586,0.0032014929160633088,0.99778255040279529,闭环仿真数据，非实测
4.36000000,1,0.99845043580877391,1.0009436613528964,0.0030991283824521876,0.99784453297044429,闭环仿真数据，非实测
4.38000000,1,0.99849980498229296,1.0009049308065667,0.00300039003541408,0.99790454077115254,闭环仿真数据，非实测
4.40000000,1,0.99854742966447774,1.000867784255618,0.002905140671044526,0.99796264358457343,闭环仿真数据，非实测
4.42000000,1,0.99859337576378104,1.0008321570264602,0.0028132484724379125,0.9980189085540222,闭环仿真数据，非实测
4.44000000,1,0.99863770660295814,1.0007979870839876,0.0027245867940837165,0.99807340028990388,闭环仿真数据，非实测
4.46000000,1,0.998680483022512,1.0007652149239794,0.002639033954976,0.99812618096900341,闭环仿真数据，非实测
4.48000000,1,0.99872176347996078,1.0007337834698835,0.0025564730400784441,0.99817731042980495,闭环仿真数据，非实测
4.50000000,1,0.99876160414509463,1.0007036379738119,0.0024767917098107439,0.99822684626400116,闭环仿真数据，非实测
4.52000000,1,0.99880005899138635,1.0006747259215731,0.002399882017227295,0.99827484390434573,闭环仿真数据，非实测
4.54000000,1,0.99883717988371201,1.0006469969415732,0.0023256402325759762,0.99832135670899724,闭环仿真数据，非实测
4.56000000,1,0.9988730166625297,1.0006204027174368,0.0022539666749405995,0.99836643604249609,闭环仿真数据，非实测
4.58000000,1,0.99890761722466215,1.0005948969041853,0.0021847655506757047,0.99841013135350964,闭环仿真数据，非实测
4.60000000,1,0.99894102760081926,1.0005704350478384,0.0021179447983614708,0.99845249024947691,闭环仿真数据，非实测
4.62000000,1,0.99897329202999408,1.0005469745082891,0.002053415940011849,0.99849355856827715,闭环仿真数据，非实测
4.64000000,1,0.99900445303085827,1.0005244743853263,0.0019910939382834503,0.99853338044704287,闭环仿真数据，非实测
4.66000000,1,0.99903455147027875,1.0005028954476742,0.0019308970594424935,0.99857199838823174,闭环仿真数据，非实测
4.68000000,1,0.99906362662907322,1.0004822000649223,0.0018727467418535593,0.99860945332306883,闭环仿真数据，非实测
4.70000000,1,0.99909171626511484,1.0004623521422347,0.0018165674697703249,0.99864578467246423,闭环仿真数据，非实测
4.72000000,1,0.99911885667389511,1.0004433170577181,0.001762286652209788,0.99868103040550837,闭环仿真数据，非实测
4.74000000,1,0.99914508274664737,1.0004250616023478,0.0017098345067052545,0.99871522709564253,闭环仿真数据，非实测
4.76000000,1,0.99917042802612954,1.0004075539223383,0.0016591439477409153,0.99874840997459735,闭环仿真数据，非实测
4.78000000,1,0.99919492476016103,1.0003907634638689,0.0016101504796779409,0.99878061298419096,闭环仿真数据，非实测
4.80000000,1,0.99921860395300555,1.0003746609200597,0.0015627920939889073,0.99881186882607076,闭环仿真数据，非实测
4.82000000,1,0.9992414954146861,1.0003592181801111,0.0015170091706278033,0.99884220900948328,闭环仿真数据，非实测
4.84000000,1,0.99926362780831679,1.0003444082805171,0.00147274438336642,0.99887166389715065,闭环仿真数据，非实测
4.86000000,1,0.99928502869553049,1.0003302053582686,0.0014299426089390277,0.99890026274932942,闭环仿真数据，非实测
4.88000000,1,0.9993057245800816,1.000316584605963,0.0013885508398367996,0.99892803376612616,闭环仿真数据，非实测
4.90000000,1,0.99932574094969517,1.000303522228748,0.0013485181006096525,0.99895500412813831,闭环仿真数据，非实测
4.92000000,1,0.99934510231623619,1.0002909954030166,0.0013097953675276219,0.99898120003548885,闭环仿真数据，非实测
4.94000000,1,0.99936383225426439,1.0002789822367895,0.0012723354914712104,0.99900664674531825,闭环仿真数据，非实测
4.96000000,1,0.9993819534380417,1.0002674617317133,0.0012360931239165929,0.99903136860779662,闭环仿真数据，非实测
4.98000000,1,0.99939948767705433,1.0002564137466057,0.0012010246458913354,0.99905538910071445,闭环仿真数据，非实测
5.00000000,1,0.99941645595010953,1.000245818962491,0.0011670880997809441,0.99907873086271004,闭环仿真数据，非实测
5.02000000,1,0.99943287843806494,1.0002356588490575,0.0011342431238701156,0.9991014157251874,闭环仿真数据，非实测
5.04000000,1,0.99944877455524594,1.0002259156324858,0.0011024508895081109,0.99912346474297753,闭环仿真数据，非实测
5.06000000,1,0.99946416297960305,1.0002165722645873,0.0010716740407938907,0.99914489822379338,闭环仿真数据，非实测
5.08000000,1,0.99947906168166212,1.0002076123932027,0.0010418766366757648,0.9991657357565269,闭环仿真数据，非实测
5.10000000,1,0.99949348795231396,1.0001990203338065,0.0010130240953720726,0.99918599623843429,闭环仿真数据，非实测
5.12000000,1,0.99950745842949262,1.0001907810422694,0.00098508314101475314,0.99920569790125457,闭环仿真数据，非实测
5.14000000,1,0.99952098912378506,1.0001828800887331,0.00095802175242987175,0.99922485833630315,闭环仿真数据，非实测
5.16000000,1,0.9995340954430173,1.0001753036325478,0.00093180911396539834,0.99924349451858241,闭环仿真数据，非实测
5.18000000,1,0.99954679221585663,1.0001680383982348,0.00090641556828674474,0.99926162282994813,闭环仿真数据，非实测
5.20000000,1,0.99955909371447083,1.0001610716524276,0.00088181257105834909,0.99927925908136928,闭环仿真数据，非实测
5.22000000,1,0.99957101367628243,1.000154391181753,0.00085797264743514567,0.99929641853431794,闭环仿真数据，非实测
5.24000000,1,0.99958256532485368,1.0001479852716164,0.00083486935029264409,0.99931311592132377,闭环仿真数据，非实测
5.26000000,1,0.9995937613899385,1.0001418426858493,0.00081247722012300905,0.99932936546572626,闭环仿真数据，非实测
5.28000000,1,0.99960461412673329,1.0001359526471902,0.00079077174653341409,0.99934518090065694,闭环仿真数据，非实测
5.30000000,1,0.99961513533436153,1.0001303048185595,0.00076972933127694709,0.99936057548728252,闭环仿真数据，非实测
5.32000000,1,0.9996253363736205,1.0001248892850967,0.00074932725275900225,0.99937556203233768,闭环仿真数据，非实测
5.34000000,1,0.99963522818402129,1.0001196965369341,0.00072954363195742999,0.99939015290497679,闭环仿真数据，非实测
5.36000000,1,0.99964482130014987,1.000114717452671,0.00071035739970026768,0.99940436005297084,闭环仿真数据，非实测
5.38000000,1,0.9996541258673779,1.0001099432835199,0.00069174826524420752,0.99941819501827578,闭环仿真数据，非实测
5.40000000,1,0.99966315165694741,1.0001053656381029,0.00067369668610517408,0.99943166895199786,闭环仿真数据，非实测
5.42000000,1,0.99967190808045658,1.0001009764678663,0.00065618383908683242,0.99944479262877961,闭环仿真数据，非实测
5.44000000,1,0.99968040420376947,1.0000967680530899,0.00063919159246106361,0.99945757646062883,闭环仿真数据，非实测
5.46000000,1,0.99968864876037311,1.0000927329894678,0.00062270247925377831,0.99947003051021388,闭环仿真数据，非实测
5.48000000,1,0.99969665016420506,1.0000888641752357,0.00060669967158988314,0.99948216450364569,闭环仿真数据，非实测
5.50000000,1,0.99970441652197117,1.0000851547988245,0.00059116695605765379,0.99949398784276688,闭环仿真数据，非实测
5.52000000,1,0.99971195564497572,1.0000815983270164,0.00057608871004855011,0.99950550961696782,闭环仿真数据，非实测
5.54000000,1,0.99971927506048264,1.0000781884935832,0.00056144987903472554,0.99951673861454848,闭环仿真数据，非实测
5.56000000,1,0.99972638202262609,1.0000749192883913,0.00054723595474781561,0.99952768333364339,闭环仿真数据，非实测
5.58000000,1,0.99973328352289026,1.0000717849469472,0.00053343295421948156,0.99953835199272778,闭环仿真数据，非实测
5.60000000,1,0.99973998630017413,1.0000687799403725,0.00052002739965173461,0.99954875254072084,闭环仿真数据，非实测
5.62000000,1,0.99974649685045835,1.0000658989657858,0.0005070062990832902,0.9995588926667025,闭环仿真数据，非实测
5.64000000,1,0.99975282143609046,1.000063136937078,0.00049435712781908947,0.99956877980925884,闭环仿真数据，非实测
5.66000000,1,0.99975896609470349,1.0000604889760636,0.00048206781059301207,0.99957842116547069,闭环仿真数据，非实测
5.68000000,1,0.99976493664778276,1.0000579504039937,0.00047012670443447035,0.99958782369955934,闭环仿真数据，非实测
5.70000000,1,0.9997707387088951,1.0000555167334133,0.00045852258220979714,0.99959699415120351,闭环仿真数据，非实测
5.72000000,1,0.99977637769159367,1.0000531836603526,0.0004472446168126698,0.99960593904353978,闭环仿真数据，非实测
5.74000000,1,0.99978185881701165,1.0000509470568359,0.00043628236597670345,0.99961466469085936,闭环仿真数据，非实测
5.76000000,1,0.99978718712115766,1.0000488029636978,0.00042562575768467781,0.99962317720601301,闭环仿真数据，非实测
5.78000000,1,0.99979236746192401,1.0000467475836881,0.00041526507615197161,0.99963148250753608,闭环仿真数据，非实测
5.80000000,1,0.99979740452581933,1.0000447772748646,0.00040519094836133362,0.99963958632650329,闭环仿真数据，非实测
5.82000000,1,0.99980230283443827,1.0000428885442492,0.00039539433112345534,0.99964749421312571,闭环仿真数据，非实测
5.84000000,1,0.99980706675067588,1.0000410780417468,0.00038586649864824629,0.99965521154309867,闭环仿真数据，非实测
5.86000000,1,0.99981170048470036,1.0000393425543099,0.00037659903059927835,0.99966274352371065,闭环仿真数据，非实测
5.88000000,1,0.99981620809968974,1.0000376790003436,0.00036758380062051899,0.99967009519972305,闭环仿真数据，非实测
5.90000000,1,0.99982059351734665,1.0000360844243359,0.00035881296530670959,0.99967727145902918,闭环仿真数据，非实测
5.92000000,1,0.99982486052319541,1.0000345559917105,0.00035027895360917327,0.99968427703810137,闭环仿真数据，非实测
5.94000000,1,0.99982901277167358,1.0000330909838873,0.00034197445665284931,0.99969111652723441,闭环仿真数据，非实测
5.96000000,1,0.9998330537910245,1.0000316867935446,0.00033389241795100943,0.99969779437559347,闭环仿真数据，非实测
5.98000000,1,0.9998369869879995,1.0000303409200746,0.00032602602400100267,0.99970431489607348,闭环仿真数据，非实测
6.00000000,1,0.99984081565237592,1.0000290509652265,0.00031836869524815015,0.99971068226997839,闭环仿真数据，非实测
6.02000000,1,0.99984454296130088,1.0000278146289245,0.00031091407739824994,0.9997169005515264,闭环仿真数据，非实测
6.04000000,1,0.99984817198346509,1.0000266297052576,0.00030365603306981015,0.99972297367218776,闭环仿真数据，非实测
6.06000000,1,0.99985170568311521,1.0000254940786326,0.00029658863376957889,0.99972890544486315,闭环仿真数据，非实测
6.08000000,1,0.99985514692391031,1.0000244057200862,0.00028970615217938089,0.99973469956790673,闭环仿真数据，非实测
6.10000000,1,0.99985849847262909,1.0000233626837434,0.00028300305474182608,0.99974035962900154,闭环仿真数据，非实测
6.12000000,1,0.99986176300273344,1.0000223631034253,0.00027647399453312183,0.99974588910889217,闭环仿真数据，非实测
6.14000000,1,0.99986494309779428,1.0000214051893919,0.00027011380441144262,0.99975129138498042,闭环仿真数据，非实测
6.16000000,1,0.99986804125478512,1.0000204872252187,0.00026391749042975476,0.99975656973478899,闭环仿真数据，非实测
6.18000000,1,0.99987105988724878,1.0000196075648016,0.00025788022550243817,0.99976172733929902,闭环仿真数据，非实测
6.20000000,1,0.99987400132834148,1.0000187646294822,0.00025199734331704526,0.99976676728616531,闭环仿真数据，非实测
6.22000000,1,0.99987686783376062,1.0000179569052936,0.00024626433247876278,0.99977169257281484,闭环仿真数据，非实测
6.24000000,1,0.99987966158455888,1.0000171829403146,0.00024067683088224712,0.99977650610943247,闭环仿真数据，非实测
6.26000000,1,0.99988238468985147,1.0000164413421355,0.00023523062029706665,0.99978121072183845,闭环仿真数据，非实测
6.28000000,1,0.99988503918941873,1.0000157307754243,0.00022992162116253212,0.99978580915426174,闭环仿真数据，非实测
6.30000000,1,0.99988762705620926,1.000015049959595,0.00022474588758147895,0.99979030407201341,闭环仿真数据，非实测
6.32000000,1,0.99989015019874738,1.0000143976665687,0.00021969960250523002,0.99979469806406351,闭环仿真数据，非实测
6.34000000,1,0.99989261046344857,1.0000137727186285,0.00021477907310285538,0.9997989936455256,闭环仿真数据，非实测
6.36000000,1,0.9998950096368463,1.0000131739863591,0.00020998072630740161,0.99980319326005174,闭环仿真数据，非实测
6.38000000,1,0.99989734944773456,1.0000126003866732,0.00020530110453087502,0.9998072992821424,闭环仿真数据，非实测
6.40000000,1,0.99989963156922812,1.0000120508809172,0.00020073686154375991,0.99981131401937329,闭环仿真数据，非实测
6.42000000,1,0.99990185762074557,1.0000115244730523,0.00019628475850885785,0.99981523971454345,闭环仿真数据，非实测
6.44000000,1,0.9999040291699155,1.000011020207916,0.00019194166016900382,0.99981907854774688,闭环仿真数据，非实测
6.46000000,1,0.99990614773441222,1.0000105371695458,0.00018770453117555874,0.99982283263837035,闭环仿真数据，非实测
6.48000000,1,0.99990821478372061,1.0000100744795803,0.00018357043255878835,0.99982650404702156,闭环仿真数据，非实测
6.50000000,1,0.99991023174083515,1.0000096312957178,0.00017953651832969264,0.99983009477738816,闭环仿真数据，非实测
6.52000000,1,0.99991219998389447,1.0000092068102435,0.00017560003221106513,0.99983360677803235,闭环仿真数据，非实测
6.54000000,1,0.99991412084775455,1.0000088002486129,0.00017175830449089879,0.99983704194412215,闭环仿真数据，非实测
6.56000000,1,0.99991599562550215,1.0000084108680978,0.00016800874899569607,0.99984040211910208,闭环仿真数据，非实测
6.58000000,1,0.99991782556991216,1.0000080379564813,0.00016434886017568928,0.99984368909630561,闭环仿真数据，非实测
6.60000000,1,0.99991961189485035,1.0000076808308109,0.00016077621029930711,0.99984690462051162,闭环仿真数据，非实测
6.62000000,1,0.99992135577662289,1.000007338836201,0.00015728844675422238,0.99985005038944674,闭环仿真数据，非实测
6.64000000,1,0.99992305835527573,1.0000070113446844,0.00015388328944854202,0.99985312805523574,闭环仿真数据，非实测
6.66000000,1,0.99992472073584593,1.00000669775411,0.00015055852830814231,0.99985613922580185,闭环仿真数据，非实测
6.68000000,1,0.99992634398956592,1.0000063974870874,0.00014731202086815109,0.99985908546621927,闭环仿真数据，非实测
6.70000000,1,0.99992792915502327,1.0000061099899717,0.00014414168995346976,0.99986196830001839,闭环仿真数据，非实测
6.72000000,1,0.99992947723927728,1.0000058347318928,0.00014104552144544868,0.9998647892104473,闭环仿真数据，非实测
6.74000000,1,0.99993098921893397,1.0000055712038218,0.0001380215621320513,0.99986754964168989,闭环仿真数据，非实测
6.76000000,1,0.99993246604118213,1.0000053189176783,0.00013506791763573389,0.99987025100004256,闭环仿真数据，非实测
6.78000000,1,0.99993390862479026,1.0000050774054703,0.00013218275041948502,0.99987289465505091,闭环仿真数据，非实测
6.80000000,1,0.99993531786106693,1.0000048462184745,0.00012936427786613969,0.99987548194060827,闭环仿真数据，非实测
6.82000000,1,0.9999366946147864,1.000004624926444,0.00012661077042719349,0.99987801415601685,闭环仿真数据，非实测
6.84000000,1,0.99993803972507989,1.0000044131168537,0.00012392054984022849,0.99988049256701361,闭环仿真数据，非实测
6.86000000,1,0.99993935400629419,1.0000042103941733,0.00012129198741162028,0.9998829184067618,闭环仿真数据，非实测
6.88000000,1,0.99994063824881874,1.0000040163791715,0.00011872350236252771,0.99988529287680905,闭环仿真数据，非实测
6.90000000,1,0.99994189321988303,1.0000038307082477,0.00011621356023394647,0.99988761714801377,闭环仿真数据，非实测
6.92000000,1,0.9999431196643247,1.0000036530327914,0.00011376067135060453,0.99988989236144077,闭环仿真数据，非实测
6.94000000,1,0.99994431830532959,1.0000034830185685,0.0001113633893408128,0.99989211962922764,闭环仿真数据，非实测
6.96000000,1,0.9999454898451452,1.0000033203451313,0.00010902030970960652,0.99989430003542179,闭环仿真数据，非实测
6.98000000,1,0.99994663496576819,1.0000031647052547,0.00010673006846362298,0.99989643463679101,闭环仿真数据，非实测
7.00000000,1,0.9999477543296077,1.0000030158043913,0.00010449134078460709,0.99989852446360672,闭环仿真数据，非实测
7.02000000,1,0.99994884858012345,1.0000028733601549,0.00010230283975309895,0.99990057052040182,闭环仿真数据，非实测
7.04000000,1,0.99994991834244229,1.0000027371018194,0.0001001633151154202,0.99990257378670411,闭环仿真数据，非实测
7.06000000,1,0.99995096422395224,1.0000026067698415,9.8071552095513326e-05,0.99990453521774603,闭环仿真数据，非实测
7.08000000,1,0.99995198681487474,1.0000024821154017,9.602637025052374e-05,0.99990645574515102,闭环仿真数据，非实测
7.10000000,1,0.99995298668881694,1.0000023628999646,9.402662236612791e-05,0.99990833627759834,闭环仿真数据，非实测
7.12000000,1,0.99995396440330475,1.0000022488948566,9.2071193390497186e-05,0.99991017770146617,闭环仿真数据，非实测
7.14000000,1,0.99995492050029622,1.0000021398808618,9.0158999407563556e-05,0.99991198088145428,闭环仿真数据，非实测
7.16000000,1,0.99995585550667709,1.000002035647833,8.8288986645812528e-05,0.99991374666118715,闭环仿真数据，非实测
7.18000000,1,0.99995676993473881,1.00000193599432,8.6460130522381107e-05,0.99991547586379759,闭环仿真数据，非实测
7.20000000,1,0.99995766428263999,1.000001840727212,8.4671434720018368e-05,0.99991716929249197,闭环仿真数据，非实测
7.22000000,1,0.9999585390348511,1.0000017496613958,8.292193029779682e-05,0.99991882773109797,闭环仿真数据，非实测
7.24000000,1,0.99995939466258399,1.0000016626194266,8.1210674832021823e-05,0.99992045194459456,闭环仿真数据，非实测
7.26000000,1,0.99996023162420611,1.0000015794312143,7.9536751587783172e-05,0.99992204267962637,闭环仿真数据，非实测
7.28000000,1,0.99996105036564076,1.0000014999337192,7.7899268718484294e-05,0.99992360066500074,闭环仿真数据，非实测
7.30000000,1,0.99996185132075288,1.0000014239706649,7.6297358494237244e-05,0.99992512661217059,闭环仿真数据，非实测
7.32000000,1,0.99996263491172188,1.0000013513922581,7.4730176556236927e-05,0.99992662121570175,闭环仿真数据，非实测
7.34000000,1,0.99996340154940144,1.0000012820549227,7.3196901197114528e-05,0.99992808515372567,闭环仿真数据，非实测
7.36000000,1,0.99996415163366659,1.0000012158210458,7.169673266682608e-05,0.99992951908837902,闭环仿真数据，非实测
7.38000000,1,0.99996488555374952,1.00000115255873,7.0228892500967532e-05,0.99993092366622904,闭环仿真数据，非实测
7.40000000,1,0.99996560368856324,1.0000010921415601,6.879262287351473e-05,0.99993229951868656,闭环仿真数据，非实测
7.42000000,1,0.99996630640701478,1.0000010344483763,6.7387185970435581e-05,0.99993364726240597,闭环仿真数据，非实测
7.44000000,1,0.99996699406830725,1.0000009793630591,6.6011863385506686e-05,0.9999349674996737,闭环仿真数据，非实测
7.46000000,1,0.99996766702223139,1.0000009267743217,6.4665955537224207e-05,0.99993626081878439,闭环仿真数据，非实测
7.48000000,1,0.99996832560944826,1.00000087657551,6.3348781103478302e-05,0.99993752779440648,闭环仿真数据，非实测
7.50000000,1,0.99996897016176134,1.0000008286644133,6.2059676477321801e-05,0.99993876898793599,闭环仿真数据，非实测
7.52000000,1,0.9999696010023803,1.0000007829430801,6.0797995239392222e-05,0.99993998494784075,闭环仿真数据，非实测
7.54000000,1,0.99997021844617506,1.0000007393176435,5.9563107649873714e-05,0.99994117620999379,闭环仿真数据，非实测
7.56000000,1,0.999970822799922,1.000000697698153,5.8354400156002129e-05,0.99994234329799692,闭环仿真数据，非实测
7.58000000,1,0.99997141436254178,1.0000006579984118,5.7171274916445469e-05,0.9999434867234952,闭环仿真数据，非实测
7.60000000,1,0.99997199342532928,1.0000006201358236,5.601314934144952e-05,0.99994460698648202,闭环仿真数据，非实测
7.62000000,1,0.99997256027217596,1.0000005840312429,5.4879455648082498e-05,0.99994570457559495,闭环仿真数据，非实测
7.64000000,1,0.99997311517978438,1.0000005496088349,5.3769640431244881e-05,0.99994677996840353,闭环仿真数据，非实测
7.66000000,1,0.99997365841787667,1.0000005167959352,5.2683164246669634e-05,0.99994783363168849,闭环仿真数据，非实测
7.68000000,1,0.99997419024939505,1.0000004855229228,5.1619501209909657e-05,0.99994886602171273,闭环仿真数据，非实测
7.70000000,1,0.99997471093069668,1.0000004557230915,5.0578138606649503e-05,0.99994987758448484,闭环仿真数据，非实测
7.72000000,1,0.9999752207117415,1.000000427332532,4.9558576517005903e-05,0.99995086875601513,闭环仿真数据，非实测
7.74000000,1,0.99997571983627465,1.0000004002900149,4.8560327450708485e-05,0.99995183996256409,闭环仿真数据，非实测
7.76000000,1,0.99997620854200209,1.0000003745368797,4.7582915995825203e-05,0.99995279162088402,闭环仿真数据，非实测
7.78000000,1,0.99997668706076148,1.0000003500169306,4.6625878477035698e-05,0.99995372413845351,闭环仿真数据，非实测
7.80000000,1,0.99997715561868716,1.0000003266763318,4.5688762625673007e-05,0.99995463791370598,闭环仿真数据，非实测
7.82000000,1,0.99997761443636934,1.0000003044635126,4.4771127261311605e-05,0.9999555333362512,闭环仿真数据，非实测
7.84000000,1,0.99997806372900944,1.000000283329072,4.3872541981127e-05,0.99995641078709085,闭环仿真数据，非实测
7.86000000,1,0.99997850370656927,1.0000002632256897,4.2992586861467785e-05,0.99995727063882811,闭环仿真数据，非实测
7.88000000,1,0.99997893457391607,1.0000002441080393,4.2130852167865385e-05,0.99995811325587147,闭环仿真数据，非实测
7.90000000,1,0.99997935653096293,1.0000002259327072,4.1286938074147628e-05,0.99995893899463295,闭环仿真数据，非实测
7.92000000,1,0.99997976977280478,1.0000002086581112,4.0460454390434109e-05,0.9999597482037208,闭环仿真数据，非实测
7.94000000,1,0.99998017448984999,1.0000001922444268,3.9651020300013329e-05,0.99996054122412681,闭环仿真数据，非实测
7.96000000,1,0.99998057086794812,1.0000001766535127,3.8858264103769358e-05,0.99996131838940894,闭环仿真数据，非实测
7.98000000,1,0.99998095908851314,1.0000001618488421,3.808182297371232e-05,0.99996208002586839,闭环仿真数据，非实测
8.00000000,1,0.99998133932864386,1.000000147795435,3.7321342712282046e-05,0.99996282645272261,闭环仿真数据，非实测
8.02000000,1,0.9999817117612394,1.0000001344597942,3.6576477521199635e-05,0.99996355798227299,闭环仿真数据，非实测
8.04000000,1,0.99998207655511206,1.0000001218098444,3.5846889775870139e-05,0.99996427492006845,闭环仿真数据，非实测
8.06000000,1,0.99998243387509622,1.0000001098148723,3.5132249807556803e-05,0.99996497756506464,闭环仿真数据，非实测
8.08000000,1,0.99998278388215434,1.0000000984454698,3.4432235691328472e-05,0.99996566620977845,闭环仿真数据，非实测
8.10000000,1,0.99998312673347911,1.0000000876734809,3.3746533041778548e-05,0.99996634114043925,闭环仿真数据，非实测
8.12000000,1,0.99998346258259307,1.0000000774719493,3.3074834813850984e-05,0.99996700263713556,闭环仿真数据，非实测
8.14000000,1,0.99998379157944517,1.0000000678150673,3.2416841109661476e-05,0.99996765097395779,闭环仿真数据，非实测
8.16000000,1,0.99998411387050401,1.0000000586781295,3.1772258991979996e-05,0.9999682864191376,闭环仿真数据，非实测
8.18000000,1,0.99998442959884881,1.0000000500374862,3.1140802302376258e-05,0.99996890923518367,闭环仿真数据，非实测
8.20000000,1,0.99998473890425743,1.0000000418704986,3.052219148513835e-05,0.99996951967901337,闭环仿真数据，非实测
8.22000000,1,0.99998504192329141,1.0000000341554989,2.9916153417186564e-05,0.99997011800208169,闭环仿真数据，非实测
8.24000000,1,0.99998533878937923,1.0000000268717479,2.9322421241539942e-05,0.99997070445050651,闭环仿真数据，非实测
8.26000000,1,0.99998562963289672,1.0000000199993972,2.8740734206555985e-05,0.99997127926519069,闭环仿真数据，非实测
8.28000000,1,0.99998591458124497,1.0000000135194509,2.8170837510055335e-05,0.99997184268194095,闭环仿真数据，非实测
8.30000000,1,0.99998619375892639,1.000000007413731,2.7612482147221229e-05,0.99997239493158385,闭环仿真数据，非实测
8.32000000,1,0.99998646728761797,1.0000000016648432,2.706542476405005e-05,0.9999729362400791,闭环仿真数据，非实测
8.34000000,1,0.99998673528624293,0.99999999625614355,2.6529427514132564e-05,0.99997346682862942,闭环仿真数据，非实测
8.36000000,1,0.99998699787104017,0.99999999117170746,2.6004257919653995e-05,0.9999739869137878,闭环仿真数据，非实测
8.38000000,1,0.99998725515563147,0.99999998639629961,2.5489688737057037e-05,0.99997449670756255,闭环仿真数据，非实测
8.40000000,1,0.9999875072510872,0.99999998191534467,2.4985497825591452e-05,0.99997499641751908,闭环仿真数据，非实测
8.42000000,1,0.99998775426598951,0.99999997771490046,2.4491468020970686e-05,0.99997548624687949,闭环仿真数据，非实测
8.44000000,1,0.99998799630649471,0.9999999737816303,2.4007387010582804e-05,0.99997596639461972,闭环仿真数据，非实测
8.46000000,1,0.99998823347639287,0.9999999701027783,2.3533047214252534e-05,0.99997643705556405,闭环仿真数据，非实测
8.48000000,1,0.99998846587716617,0.9999999666661451,2.3068245667667853e-05,0.99997689842047743,闭环仿真数据，非实测
8.50000000,1,0.99998869360804599,0.99999996346006359,2.2612783908027012e-05,0.99997735067615556,闭环仿真数据，非实测
8.52000000,1,0.9999889167660676,0.99999996047337769,2.2166467864792594e-05,0.9999777940055129,闭环仿真数据，非实测
8.54000000,1,0.99998913544612389,0.99999995769542016,2.1729107752221921e-05,0.99997822858766794,闭环仿真数据，非实测
8.56000000,1,0.99998934974101772,0.99999995511599182,2.1300517964562005e-05,0.99997865459802726,闭环仿真数据，非实测
8.58000000,1,0.99998955974151227,0.99999995272534226,2.0880516975463337e-05,0.99997907220836679,闭环仿真数据，非实测
8.60000000,1,0.99998976553638041,0.99999995051415069,2.0468927239170043e-05,0.99997948158691152,闭环仿真数据，非实测
8.62000000,1,0.99998996721245259,0.99999994847350826,2.0065575094818655e-05,0.99997988289841344,闭环仿真数据，非实测
8.64000000,1,0.99999016485466363,0.99999994659489966,1.9670290672735291e-05,0.99998027630422692,闭环仿真数据，非实测
8.66000000,1,0.99999035854609764,0.99999994487018773,1.9282907804729632e-05,0.999980661962383,闭环仿真数据，非实测
8.68000000,1,0.99999054836803269,0.99999994329159625,1.8903263934610948e-05,0.99998104002766164,闭环仿真数据，非实测
8.70000000,1,0.99999073439998343,0.9999999418516955,1.8531200033145012e-05,0.99998141065166235,闭环仿真数据，非实测
8.72000000,1,0.99999091671974272,0.99999994054338726,1.8166560514565333e-05,0.99998177398287269,闭环仿真数据，非实测
8.74000000,1,0.99999109540342279,0.99999993935989018,1.7809193154416647e-05,0.99998213016673576,闭环仿真数据，非实测
8.76000000,1,0.99999127052549408,0.99999993829472789,1.7458949011839309e-05,0.99998247934571605,闭环仿真数据，非实测
8.78000000,1,0.9999914421588243,0.99999993734171444,1.7115682351409589e-05,0.99998282165936303,闭环仿真数据，非实测
8.80000000,1,0.99999161037471596,0.99999993649494245,1.6779250568088599e-05,0.99998315724437437,闭环仿真数据，非实测
8.82000000,1,0.99999177524294269,0.99999993574877122,1.6449514114613706e-05,0.9999834862346566,闭环仿真数据，非实测
8.84000000,1,0.99999193683178467,0.99999993509781593,1.6126336430666299e-05,0.99998380876138526,闭环仿真数据，非实测
8.86000000,1,0.99999209520806331,0.99999993453693614,1.5809583873371835e-05,0.99998412495306277,闭环仿真数据，非实测
8.88000000,1,0.99999225043717532,0.99999993406122512,1.5499125649354184e-05,0.99998443493557576,闭环仿真数据，非实测
8.90000000,1,0.99999240258312527,0.99999993366600015,1.5194833749454517e-05,0.9999847388322507,闭环仿真数据，非实测
8.92000000,1,0.99999255170855761,0.99999993334679316,1.4896582884782461e-05,0.99998503676390837,闭环仿真数据，非实测
8.94000000,1,0.99999269787478784,0.99999993309934121,1.4604250424321563e-05,0.99998532884891689,闭环仿真数据，非实测
8.96000000,1,0.99999284114183296,0.99999993291957767,1.431771633408907e-05,0.99998561520324358,闭环仿真数据，非实测
8.98000000,1,0.99999298156844085,0.9999999328036242,1.4036863118294107e-05,0.99998589594050591,闭环仿真数据，非实测
9.00000000,1,0.99999311921211964,0.99999993274778187,1.3761575760717903e-05,0.99998617117202115,闭环仿真数据，非实测
9.02000000,1,0.99999325412916529,0.99999993274852395,1.3491741669424684e-05,0.99998644100685452,闭环仿真数据，非实测
9.04000000,1,0.99999338637468904,0.99999993280248889,1.3227250621916653e-05,0.99998670555186697,闭环仿真数据，非实测
9.06000000,1,0.99999351600264463,0.99999993290647193,1.2967994710733066e-05,0.9999869649117612,闭环仿真数据，非实测
9.08000000,1,0.9999936430658537,0.99999993305741963,1.2713868292602015e-05,0.99998721918912703,闭环仿真数据，非实测
9.10000000,1,0.99999376761603165,0.99999993325242242,1.2464767936704035e-05,0.99998746848448572,闭环仿真数据，非实测
9.12000000,1,0.99999388970381209,0.99999993348870908,1.2220592375822292e-05,0.99998771289633326,闭环仿真数据，非实测
9.14000000,1,0.99999400937877125,0.99999993376363994,1.1981242457492769e-05,0.99998795252118244,闭环仿真数据，非实测
9.16000000,1,0.99999412668945142,0.99999993407470156,1.1746621097152854e-05,0.9999881874536044,闭环仿真数据，非实测
9.18000000,1,0.99999424168338402,0.99999993441950097,1.1516633231956064e-05,0.99998841778626901,闭环仿真数据，非实测
9.20000000,1,0.9999943544071116,0.99999993479576132,1.1291185776807211e-05,0.99998864360998452,闭环仿真数据，非实测
9.22000000,1,0.99999446490621036,0.99999993520131536,1.1070187579287349e-05,0.99998886501373607,闭环仿真数据，非实测
9.24000000,1,0.99999457322531082,0.99999993563410194,1.0853549378353478e-05,0.99998908208472359,闭环仿真数据，非实测
9.26000000,1,0.99999467940811915,0.99999993609216054,1.0641183761705975e-05,0.99998929490839883,闭环仿真数据，非实测
9.28000000,1,0.9999947834974372,0.99999993657362696,1.0433005125598527e-05,0.99998950356850136,闭环仿真数据，非实测
9.30000000,1,0.99999488553518223,0.99999993707672963,1.0228929635536232e-05,0.99998970814709409,闭环仿真数据，非实测
9.32000000,1,0.99999498556240674,0.99999993759978434,1.0028875186529618e-05,0.99998990872459781,闭环仿真数据，非实测
9.34000000,1,0.99999508361931666,0.99999993814119181,9.8327613666793212e-06,0.99999010537982513,闭环仿真数据，非实测
9.36000000,1,0.99999517974529017,0.99999993869943316,9.6405094196505559e-06,0.9999902981900135,闭环仿真数据，非实测
9.38000000,1,0.99999527397889587,0.99999993927306596,9.4520422082577937e-06,0.99999048723085771,闭环仿真数据，非实测
9.40000000,1,0.99999536635790987,0.99999993986072155,9.2672841802698969e-06,0.99999067257654128,闭环仿真数据，非实测
9.42000000,1,0.99999545691933311,0.99999994046110174,9.0861613337711589e-06,0.99999085429976797,闭环仿真数据，非实测
9.44000000,1,0.99999554569940841,0.99999994107297485,8.9086011831884804e-06,0.99999103247179166,闭环仿真数据，非实测
9.46000000,1,0.99999563273363634,0.99999994169517348,8.734532727316946e-06,0.99999120716244616,闭环仿真数据，非实测
9.48000000,1,0.99999571805679144,0.99999994232659162,8.5638864171233564e-06,0.99999137844017449,闭环仿真数据，非实测
9.50000000,1,0.99999580170293778,0.99999994296618144,8.3965941244379394e-06,0.99999154637205701,闭环仿真数据，非实测
9.52000000,1,0.99999588370544423,0.99999994361295075,8.2325891115342387e-06,0.99999171102383921,闭环仿真数据，非实测
9.54000000,1,0.99999596409699909,0.99999994426596106,8.0718060018192261e-06,0.99999187245995924,闭环仿真数据，非实测
9.56000000,1,0.99999604290962507,0.99999994492432409,7.9141807498572803e-06,0.99999203074357423,闭环仿真数据，非实测
9.58000000,1,0.99999612017469297,0.99999994558720062,7.7596506140586996e-06,0.99999218593658656,闭环仿真数据，非实测
9.60000000,1,0.99999619592293576,0.99999994625379762,7.608154128480038e-06,0.99999233809966914,闭环仿真数据，非实测
9.62000000,1,0.99999627018446235,0.99999994692336591,7.4596310752905737e-06,0.99999248729229062,闭环仿真数据，非实测
9.64000000,1,0.9999963429887706,0.99999994759519861,7.3140224587930902e-06,0.99999263357273982,闭环仿真数据，非实测
9.66000000,1,0.99999641436476006,0.99999994826862926,7.1712704798887472e-06,0.99999277699814937,闭环仿真数据，非实测
9.68000000,1,0.99999648434074517,0.99999994894302924,7.0313185096537723e-06,0.99999291762451958,闭环仿真数据，非实测
9.70000000,1,0.99999655294446688,0.99999994961780714,6.8941110662468219e-06,0.99999305550674089,闭环仿真数据，非实测
9.72000000,1,0.99999662020310531,0.99999995029240607,6.7595937893738522e-06,0.9999931906986167,闭环仿真数据，非实测
9.74000000,1,0.9999966861432914,0.99999995096630223,6.6277134171954799e-06,0.99999332325288504,闭环仿真数据，非实测
9.76000000,1,0.99999675079111849,0.99999995163900335,6.4984177630122986e-06,0.99999345322124034,闭环仿真数据，非实测
9.78000000,1,0.99999681417215314,0.9999999523100479,6.3716556937265523e-06,0.99999358065435417,闭环仿真数据，非实测
9.80000000,1,0.99999687631144685,0.99999995297900257,6.2473771063054073e-06,0.99999370560189627,闭环仿真数据，非实测
9.82000000,1,0.99999693723354632,0.99999995364546179,6.1255329073528486e-06,0.99999382811255444,闭环仿真数据，非实测
9.84000000,1,0.9999969969625041,0.99999995430904609,6.0060749917933975e-06,0.9999939482340543,闭环仿真数据，非实测
9.86000000,1,0.99999705552188911,0.99999995496940053,5.8889562217778746e-06,0.99999406601317875,闭环仿真数据，非实测
9.88000000,1,0.99999711293479654,0.99999995562619381,5.7741304069214294e-06,0.99999418149578689,闭环仿真数据，非实测
9.90000000,1,0.99999716922385751,0.99999995627911753,5.6615522849856603e-06,0.99999429472683254,闭环仿真数据，非实测
9.92000000,1,0.99999722441124916,0.99999995692788424,5.5511775016725551e-06,0.99999440575038256,闭环仿真数据，非实测
9.94000000,1,0.99999727851870379,0.99999995757222682,5.4429625924168334e-06,0.9999945146096344,闭环仿真数据，非实测
9.96000000,1,0.9999973315675178,0.99999995821189813,5.3368649644003341e-06,0.99999462134693373,闭环仿真数据，非实测
9.98000000,1,0.99999738357856127,0.9999999588466687,5.2328428774561786e-06,0.99999472600379125,闭环仿真数据，非实测
10.00000000,1,0.9999974345722864,0.99999995947632703,5.1308554271933815e-06,0.99999482862089983,闭环仿真数据，非实测
10.02000000,1,0.99999748456873616,0.99999996010067804,5.0308625276773711e-06,0.99999492923815037,闭环仿真数据，非实测
10.04000000,1,0.99999753358755294,0.99999996071954234,4.9328248941105102e-06,0.99999502789464823,闭环仿真数据，非实测
10.06000000,1,0.99999758164798647,0.99999996133275582,4.8367040270669293e-06,0.99999512462872875,闭环仿真数据，非实测
10.08000000,1,0.99999762876890197,0.99999996194016871,4.7424621960612257e-06,0.99999521947797265,闭环仿真数据，非实测
10.10000000,1,0.99999767496878844,0.99999996254164425,4.6500624231171628e-06,0.99999531247922113,闭环仿真数据，非实测
10.12000000,1,0.99999772026576594,0.99999996313705863,4.5594684681127262e-06,0.99999540366859052,闭环仿真数据，非实测
10.14000000,1,0.99999776467759316,0.99999996372630051,4.4706448136810906e-06,0.99999549308148683,闭环仿真数据，非实测
10.16000000,1,0.99999780822167506,0.99999996430926974,4.3835566498895417e-06,0.99999558075261985,闭环仿真数据，非实测
10.18000000,1,0.99999785091506987,0.99999996488587728,4.2981698602506668e-06,0.99999566671601703,闭环仿真数据，非实测
10.20000000,1,0.99999789277449636,0.99999996545604442,4.2144510072894548e-06,0.99999575100503713,闭环仿真数据，非实测
10.22000000,1,0.99999793381634083,0.99999996601970187,4.1323673183324416e-06,0.99999583365238354,闭环仿真数据，非实测
10.24000000,1,0.99999797405666346,0.99999996657679002,4.0518866730732128e-06,0.99999591469011695,闭环仿真数据，非实测
10.26000000,1,0.99999801351120543,0.99999996712725792,3.9729775891395036e-06,0.99999599414966878,闭环仿真数据，非实测
10.28000000,1,0.99999805219539517,0.99999996767106258,3.8956092096587014e-06,0.99999607206185293,闭环仿真数据，非实测
10.30000000,1,0.9999980901243547,0.99999996820816939,3.8197512906013031e-06,0.99999614845687879,闭环仿真数据，非实测
10.32000000,1,0.99999812731290583,0.9999999687385509,3.7453741883464176e-06,0.99999622336436256,闭环仿真数据，非实测
10.34000000,1,0.9999981637755766,0.99999996926218626,3.672448846803178e-06,0.99999629681333946,闭环仿真数据，非实测
10.36000000,1,0.99999819952660685,0.99999996977906147,3.6009467863085121e-06,0.99999636883227516,闭环仿真数据，非实测
10.38000000,1,0.99999823457995407,0.99999997028916887,3.5308400918587779e-06,0.99999643944907701,闭环仿真数据，非实测
10.40000000,1,0.99999826894929933,0.99999997079250635,3.4621014013413998e-06,0.99999650869110501,闭环仿真数据，非实测
10.42000000,1,0.99999830264805267,0.99999997128907758,3.3947038946546826e-06,0.99999657658518293,闭环仿真数据，非实测
10.44000000,1,0.9999983356893587,0.99999997177889122,3.3286212826055817e-06,0.99999664315760861,闭环仿真数据，非实测
10.46000000,1,0.99999836808610199,0.99999997226196058,3.263827796029517e-06,0.99999670843416455,闭环仿真数据，非实测
10.48000000,1,0.99999839985091221,0.99999997273830366,3.2002981755763216e-06,0.99999677244012808,闭环仿真数据，非实测
10.50000000,1,0.99999843099616936,0.99999997320794254,3.1380076612741448e-06,0.99999683520028126,闭环仿真数据，非实测
10.52000000,1,0.99999846153400851,0.99999997367090387,3.0769319829815345e-06,0.99999689673892089,闭环仿真数据，非实测
10.54000000,1,0.99999849147632514,0.99999997412721764,3.017047349729296e-06,0.99999695707986791,闭环仿真数据，非实测
10.56000000,1,0.9999985208347798,0.99999997457691714,2.9583304403946187e-06,0.99999701624647674,闭环仿真数据，非实测
10.58000000,1,0.99999854962080281,0.99999997502003901,2.9007583943752024e-06,0.99999707426164464,闭环仿真数据，非实测
10.60000000,1,0.99999857784559876,0.99999997545662322,2.8443088024854291e-06,0.99999713114782074,闭环仿真数据，非实测
10.62000000,1,0.99999860552015118,0.9999999758867123,2.7889596976304887e-06,0.99999718692701467,闭环仿真数据，非实测
10.64000000,1,0.99999863265522715,0.99999997631035131,2.7346895457025511e-06,0.99999724162080561,闭环仿真数据，非实测
10.66000000,1,0.99999865926138121,0.999999976727588,2.6814772375871598e-06,0.99999729525035042,闭环仿真数据，非实测
10.68000000,1,0.99999868534895997,0.99999997713847211,2.6293020800594036e-06,0.99999734783639205,闭环仿真数据，非实测
10.70000000,1,0.9999987109281061,0.99999997754305558,2.5781437877903102e-06,0.99999739939926779,闭环仿真数据，非实测
10.72000000,1,0.99999873600876255,0.99999997794139217,2.5279824749091517e-06,0.99999744995891726,闭环仿真数据，非实测
10.74000000,1,0.99999876060067627,0.99999997833353771,2.4787986474539281e-06,0.99999749953489026,闭环仿真数据，非实测
10.76000000,1,0.99999878471340253,0.99999997871954904,2.4305731949336717e-06,0.99999754814635411,闭环仿真数据，非实测
10.78000000,1,0.99999880835630828,0.99999997909948524,2.3832873834450652e-06,0.99999759581210179,闭环仿真数据，非实测
10.80000000,1,0.99999883153857638,0.99999997947340602,2.3369228472347459e-06,0.99999764255055879,闭环仿真数据，非实测
10.82000000,1,0.99999885426920898,0.99999997984137245,2.291461582037968e-06,0.99999768837979042,闭环仿真数据，非实测
10.84000000,1,0.99999887655703112,0.99999998020344694,2.2468859377511308e-06,0.99999773331750919,闭环仿真数据，非实测
10.86000000,1,0.99999889841069434,0.99999998055969275,2.2031786113263507e-06,0.99999777738108142,闭环仿真数据，非实测
10.88000000,1,0.99999891983868017,0.99999998091017384,2.1603226396660347e-06,0.99999782058753417,闭环仿真数据，非实测
10.90000000,1,0.99999894084930352,0.99999998125495504,2.1183013929615413e-06,0.99999786295356208,闭环仿真数据，非实测
10.92000000,1,0.99999896145071576,0.99999998159410197,2.0770985684759324e-06,0.9999979044955335,闭环仿真数据，非实测
10.94000000,1,0.99999898165090817,0.9999999819276808,2.0366981836605902e-06,0.99999794522949714,闭环仿真数据，非实测
10.96000000,1,0.99999900145771536,0.99999998225575781,1.9970845692718342e-06,0.99999798517118854,闭环仿真数据，非实测
10.98000000,1,0.99999902087881787,0.99999998257840006,1.9582423642638958e-06,0.9999980243360358,闭环仿真数据，非实测
11.00000000,1,0.99999903992174544,0.99999998289567515,1.9201565091275796e-06,0.99999806273916603,闭环仿真数据，非实测
11.02000000,1,0.99999905859388027,0.99999998320765027,1.8828122394509705e-06,0.99999810039541082,闭环仿真数据，非实测
11.04000000,1,0.99999907690245959,0.99999998351439323,1.8461950808124072e-06,0.99999813731931242,闭环仿真数据，非实测
11.06000000,1,0.99999909485457872,0.99999998381597188,1.8102908425632336e-06,0.99999817352512932,闭环仿真数据，非实测
11.08000000,1,0.99999911245719375,0.99999998411245405,1.775085612498728e-06,0.99999820902684156,闭环仿真数据，非实测
11.10000000,1,0.99999912971712435,0.99999998440390792,1.7405657513069883e-06,0.99999824383815661,闭环仿真数据，非实测
11.12000000,1,0.9999991466410566,0.99999998469040119,1.7067178867957722e-06,0.99999827797251439,闭环仿真数据，非实测
11.14000000,1,0.99999916323554539,0.99999998497200182,1.6735289092295602e-06,0.99999831144309259,闭环仿真数据，非实测
11.16000000,1,0.99999917950701744,0.99999998524877698,1.6409859651123071e-06,0.99999834426281187,闭环仿真数据，非实测
11.18000000,1,0.99999919546177329,0.99999998552079439,1.6090764534126833e-06,0.99999837644434098,闭环仿真数据，非实测
11.20000000,1,0.9999992111059901,0.99999998578812122,1.5777880197909155e-06,0.99999840800010142,闭环仿真数据，非实测
11.22000000,1,0.99999922644572414,0.99999998605082419,1.547108551713805e-06,0.99999843894227247,闭环仿真数据，非实测
11.24000000,1,0.99999924148691288,0.99999998630897025,1.5170261742358804e-06,0.99999846928279601,闭环仿真数据，非实测
11.26000000,1,0.99999925623537778,0.99999998656262534,1.4875292444482824e-06,0.99999849903338089,闭环仿真数据，非实测
11.28000000,1,0.99999927069682626,0.99999998681185531,1.4586063474819611e-06,0.99999852820550783,闭环仿真数据，非实测
11.30000000,1,0.99999928487685386,0.99999998705672599,1.4302462922888282e-06,0.9999985568104337,闭环仿真数据，非实测
11.32000000,1,0.99999929878094695,0.99999998729730188,1.4024381060906421e-06,0.99999858485919579,闭环仿真数据，非实测
11.34000000,1,0.99999931241448425,0.99999998753364794,1.3751710314924281e-06,0.99999861236261645,闭环仿真数据，非实测
11.36000000,1,0.99999932578273931,0.99999998776582821,1.3484345213754523e-06,0.99999863933130684,闭环仿真数据，非实测
11.38000000,1,0.99999933889088266,0.99999998799390621,1.322218234678374e-06,0.99999866577567154,闭环仿真数据，非实测
11.40000000,1,0.99999935174398369,0.99999998821794478,1.2965120326224877e-06,0.99999869170591216,闭环仿真数据，非实测
11.42000000,1,0.99999936434701242,0.99999998843800686,1.2713059751590094e-06,0.9999987171320317,闭环仿真数据，非实测
11.44000000,1,0.99999937670484218,0.99999998865415363,1.246590315640006e-06,0.99999874206383799,闭环仿真数据，非实测
11.46000000,1,0.99999938882225037,0.99999998886644725,1.2223554992640828e-06,0.99999876651094799,闭环仿真数据，非实测
11.48000000,1,0.99999940070392157,0.99999998907494803,1.1985921568591351e-06,0.99999879048279117,闭环仿真数据，非实测
11.50000000,1,0.99999941235444845,0.99999998927971634,1.1752911031059909e-06,0.99999881398861323,闭环仿真数据，非实测
11.52000000,1,0.99999942377833417,0.99999998948081148,1.1524433316534299e-06,0.99999883703747983,闭环仿真数据，非实测
11.54000000,1,0.99999943497999366,0.99999998967829273,1.1300400126756927e-06,0.99999885963828006,闭环仿真数据，非实测
11.56000000,1,0.9999994459637559,0.99999998987221805,1.1080724882095438e-06,0.99999888179972984,闭环仿真数据，非实测
11.58000000,1,0.99999945673386514,0.99999999006264495,1.0865322697117819e-06,0.99999890353037524,闭环仿真数据，非实测
11.60000000,1,0.99999946729448252,0.99999999024963093,1.0654110349506141e-06,0.99999892483859598,闭环仿真数据，非实测
11.62000000,1,0.99999947764968833,0.99999999043323184,1.0447006233427203e-06,0.9999989457326085,闭环仿真数据，非实测
11.64000000,1,0.9999994878034828,0.99999999061350364,1.0243930343989405e-06,0.99999896622046924,闭环仿真数据，非实测
11.66000000,1,0.99999949775978825,0.99999999079050117,1.0044804235054272e-06,0.99999898631007766,闭环仿真数据，非实测
11.68000000,1,0.99999950752245037,0.99999999096427894,9.8495509925911051e-07,0.99999900600917968,闭环仿真数据，非实测
11.70000000,1,0.99999951709524004,0.99999999113489002,9.6580951991498409e-07,0.99999902532537011,闭环仿真数据，非实测
11.72000000,1,0.99999952648185408,0.99999999130238781,9.4703629183179316e-07,0.99999904426609598,闭环仿真数据，非实测
11.74000000,1,0.99999953568591737,0.9999999914668245,9.2862816525318692e-07,0.99999906283865925,闭环仿真数据，非实测
11.76000000,1,0.99999954471098407,0.99999999162825171,9.105780318652279e-07,0.99999908105021984,闭环仿真数据，非实测
11.78000000,1,0.99999955356053893,0.99999999178672039,8.9287892213185671e-07,0.99999909890779826,闭环仿真数据，非实测
11.80000000,1,0.9999995622379988,0.99999999194228073,8.7552400240831219e-07,0.99999911641827832,闭环仿真数据，非实测
11.82000000,1,0.99999957074671375,0.99999999209498225,8.5850657249864071e-07,0.99999913358840975,闭环仿真数据，非实测
11.84000000,1,0.9999995790899685,0.99999999224487401,8.4182006299116097e-07,0.99999915042481102,闭环仿真数据，非实测
11.86000000,1,0.9999995872709837,0.99999999239200432,8.2545803259392869e-07,0.99999916693397173,闭环仿真数据，非实测
11.88000000,1,0.99999959529291738,0.99999999253642025,8.0941416524815679e-07,0.999999183122255,闭环仿真数据，非实测
11.90000000,1,0.99999960315886571,0.99999999267816897,7.9368226857390312e-07,0.9999991989959004,闭环仿真数据，非实测
11.92000000,1,0.99999961087186473,0.99999999281729635,7.7825627053940138e-07,0.99999921456102581,闭环仿真数据，非实测
11.94000000,1,0.99999961843489105,0.99999999295384812,7.6313021790674895e-07,0.99999922982363021,闭环仿真数据，非实测
11.96000000,1,0.99999962585086322,0.99999999308786924,7.4829827356737155e-07,0.99999924478959568,闭环仿真数据，非实测
11.98000000,1,0.99999963312264306,0.9999999932194038,7.3375471387748803e-07,0.99999925946468993,闭环仿真数据，非实测
12.00000000,1,0.99999964025303667,0.9999999933484951,7.194939266597089e-07,0.99999927385456844,闭环仿真数据，非实测
12.02000000,1,0.99999964724479518,0.99999999347518631,7.0551040964872413e-07,0.99999928796477666,闭环仿真数据，非实测
12.04000000,1,0.9999996541006162,0.99999999359951963,6.9179876760472325e-07,0.99999930180075203,闭环仿真数据，非实测
12.06000000,1,0.99999966082314495,0.99999999372153636,6.7835371009294931e-07,0.99999931536782627,闭环仿真数据，非实测
12.08000000,1,0.99999966741497481,0.99999999384127769,6.6517005037347587e-07,0.99999932867122732,闭环仿真数据，非实测
12.10000000,1,0.99999967387864863,0.99999999395878414,6.5224270273667173e-07,0.9999993417160814,闭环仿真数据，非实测
12.12000000,1,0.99999968021665997,0.99999999407409501,6.3956668006071027e-07,0.99999935450741495,闭环仿真数据，非实测
12.14000000,1,0.99999968643145354,0.99999999418724972,6.2713709292339104e-07,0.9999993670501568,闭环仿真数据，非实测
12.16000000,1,0.99999969252542664,0.99999999429828645,6.1494914671555989e-07,0.99999937934913974,闭环仿真数据，非实测
12.18000000,1,0.99999969850092962,0.9999999944072433,6.0299814075293057e-07,0.99999939140910254,闭环仿真数据，非实测
12.20000000,1,0.99999970436026719,0.99999999451415744,5.9127946561154943e-07,0.99999940323469183,闭环仿真数据，非实测
12.22000000,1,0.9999997101056991,0.99999999461906564,5.7978860179552782e-07,0.99999941483046384,闭环仿真数据，非实测
12.24000000,1,0.99999971573944124,0.99999999472200374,5.6852111751659606e-07,0.99999942620088622,闭环仿真数据，非实测
12.26000000,1,0.9999997212636661,0.99999999482300739,5.5747266780592497e-07,0.99999943735033958,闭环仿真数据，非实测
12.28000000,1,0.99999972668050396,0.99999999492211145,5.4663899207163524e-07,0.99999944828311937,闭环仿真数据，非实测
12.30000000,1,0.99999973199204373,0.99999999501935022,5.3601591254448522e-07,0.99999945900343767,闭环仿真数据，非实测
12.32000000,1,0.99999973720033342,0.99999999511475746,5.2559933316764784e-07,0.99999946951542429,闭环仿真数据，非实测
12.34000000,1,0.9999997423073812,0.99999999520836669,5.1538523759830923e-07,0.99999947982312909,闭环仿真数据，非实测
12.36000000,1,0.99999974731515628,0.99999999530021022,5.0536968743131183e-07,0.99999948993052279,闭环仿真数据，非实测
12.38000000,1,0.99999975222558934,0.99999999539032047,4.95548821310976e-07,0.99999949984149916,闭环仿真数据，非实测
12.40000000,1,0.99999975704057364,0.99999999547872898,4.8591885271065394e-07,0.99999950955987627,闭环仿真数据，非实测
12.42000000,1,0.99999976176196548,0.9999999955654667,4.7647606904455131e-07,0.99999951908939766,闭环仿真数据，非实测
12.44000000,1,0.99999976639158494,0.99999999565056441,4.6721683011341497e-07,0.9999995284337343,闭环仿真数据，非实测
12.46000000,1,0.99999977093121695,0.99999999573405174,4.5813756610613154e-07,0.99999953759648563,闭环仿真数据，非实测
12.48000000,1,0.99999977538261131,0.99999999581595855,4.492347773776828e-07,0.99999954658118118,闭环仿真数据，非实测
12.50000000,1,0.999999779747484,0.99999999589631383,4.4050503200665503e-07,0.99999955539128182,闭环仿真数据，非实测
12.52000000,1,0.99999978402751755,0.99999999597514599,4.3194496490706058e-07,0.99999956403018109,闭环仿真数据，非实测
12.54000000,1,0.99999978822436175,0.99999999605248313,4.2355127649607027e-07,0.99999957250120663,闭环仿真数据，非实测
12.56000000,1,0.99999979233963432,0.99999999612835266,4.1532073136174574e-07,0.9999995808076213,闭环仿真数据，非实测
12.58000000,1,0.99999979637492131,0.99999999620278179,4.0725015737486103e-07,0.99999958895262442,闭环仿真数据，非实测
12.60000000,1,0.99999980033177804,0.99999999627579716,3.9933644391254575e-07,0.99999959693935325,闭环仿真数据，非实测
12.62000000,1,0.99999980421172963,0.99999999634742487,3.9157654074806203e-07,0.99999960477088412,闭环仿真数据，非实测
12.64000000,1,0.99999980801627131,0.99999999641769066,3.8396745738467075e-07,0.99999961245023328,闭环仿真数据，非实测
12.66000000,1,0.99999981174686936,0.99999999648661975,3.7650626127927467e-07,0.99999961998035847,闭环仿真数据，非实测
12.68000000,1,0.99999981540496152,0.99999999655423699,3.6919007695424e-07,0.99999962736416004,闭环仿真数据，非实测
12.70000000,1,0.99999981899195756,0.9999999966205666,3.6201608488717341e-07,0.99999963460448171,闭环仿真数据，非实测
12.72000000,1,0.99999982250923969,0.99999999668563277,3.5498152062274357e-07,0.99999964170411215,闭环仿真数据，非实测
12.74000000,1,0.99999982595816339,0.99999999674945883,3.4808367321836897e-07,0.99999964866578561,闭环仿真数据，非实测
12.76000000,1,0.9999998293400576,0.99999999681206808,3.4131988480012865e-07,0.99999965549218328,闭环仿真数据，非实测
12.78000000,1,0.99999983265622561,0.99999999687348307,3.3468754878640539e-07,0.99999966218593428,闭环仿真数据，非实测
12.80000000,1,0.99999983590794517,0.9999999969337261,3.2818410966584111e-07,0.99999966874961643,闭环仿真数据，非实测
12.82000000,1,0.99999983909646928,0.99999999699281905,3.2180706144302462e-07,0.99999967518575761,闭环仿真数据，非实测
12.84000000,1,0.99999984222302651,0.99999999705078357,3.1555394697235783e-07,0.9999996814968366,闭环仿真数据，非实测
12.86000000,1,0.99999984528882147,0.99999999710764076,3.0942235706987731e-07,0.99999968768528369,闭环仿真数据，非实测
12.88000000,1,0.99999984829503552,0.99999999716341126,3.0340992895894203e-07,0.9999996937534823,闭环仿真数据，非实测
12.90000000,1,0.99999985124282686,0.9999999972181155,2.9751434627023343e-07,0.99999969970376923,闭环仿真数据，非实测
12.92000000,1,0.99999985413333115,0.99999999727177369,2.9173333770948773e-07,0.99999970553843598,闭环仿真数据，非实测
12.94000000,1,0.99999985696766225,0.99999999732440503,2.8606467550318371e-07,0.99999971125972953,闭环仿真数据，非实测
12.96000000,1,0.99999985974691197,0.99999999737602907,2.8050617606467654e-07,0.99999971686985301,闭环仿真数据，非实测
12.98000000,1,0.99999986247215111,0.99999999742666479,2.7505569777375172e-07,0.99999972237096701,闭环仿真数据，非实测
13.00000000,1,0.99999986514442951,0.99999999747633084,2.6971114097662507e-07,0.99999972776518986,闭环仿真数据，非实测
13.02000000,1,0.99999986776477667,0.99999999752504543,2.6447044665367514e-07,0.99999973305459877,闭环仿真数据，非实测
13.04000000,1,0.99999987033420212,0.99999999757282643,2.5933159575330933e-07,0.99999973824123067,闭环仿真数据，非实测
13.06000000,1,0.99999987285369574,0.99999999761969138,2.5429260852583013e-07,0.99999974332708286,闭环仿真数据，非实测
13.08000000,1,0.99999987532422796,0.99999999766565784,2.493515440793459e-07,0.99999974831411376,闭环仿真数据，非实测
13.10000000,1,0.99999987774675059,0.99999999771074255,2.4450649882545861e-07,0.99999975320424372,闭环仿真数据，非实测
13.12000000,1,0.99999988012219687,0.99999999775496207,2.3975560625721926e-07,0.99999975799935581,闭环仿真数据，非实测
13.14000000,1,0.99999988245148164,0.99999999779833326,2.3509703672708326e-07,0.99999976270129654,闭环仿真数据，非实测
13.16000000,1,0.99999988473550239,0.99999999784087168,2.3052899522646442e-07,0.99999976731187645,闭环仿真数据，非实测
13.18000000,1,0.99999988697513875,0.99999999788259342,2.2604972249595789e-07,0.99999977183287092,闭环仿真数据，非实测
13.20000000,1,0.99999988917125349,0.99999999792351379,2.2165749302693882e-07,0.99999977626602077,闭环仿真数据，非实测
13.22000000,1,0.99999989132469247,0.99999999796364814,2.1735061506156228e-07,0.99999978061303307,闭环仿真数据，非实测
13.24000000,1,0.99999989343628526,0.99999999800301109,2.1312742948254026e-07,0.99999978487558161,闭环仿真数据，非实测
13.26000000,1,0.9999998955068452,0.99999999804161743,2.089863095910971e-07,0.99999978905530784,闭环仿真数据，非实测
13.28000000,1,0.99999989753716978,0.99999999807948148,2.049256604408356e-07,0.99999979315382104,闭环仿真数据，非实测
13.30000000,1,0.99999989952804091,0.99999999811661755,2.0094391817160329e-07,0.99999979717269938,闭环仿真数据，非实测
13.32000000,1,0.99999990148022555,0.9999999981530393,1.9703954889926933e-07,0.99999980111349041,闭环仿真数据，非实测
13.34000000,1,0.99999990339447553,0.99999999818876029,1.9321104893776919e-07,0.99999980497771135,闭环仿真数据，非实测
13.36000000,1,0.99999990527152816,0.99999999822379393,1.8945694368888155e-07,0.99999980876685024,闭环仿真数据，非实测
13.38000000,1,0.9999999071121064,0.99999999825815322,1.8577578719813914e-07,0.99999981248236602,闭环仿真数据，非实测
13.40000000,1,0.99999990891691903,0.99999999829185116,1.8216616193278412e-07,0.99999981612568922,闭环仿真数据，非实测
13.42000000,1,0.99999991068666128,0.99999999832490027,1.7862667744950045e-07,0.99999981969822282,闭环仿真数据，非实测
13.44000000,1,0.99999991242201458,0.99999999835731312,1.7515597083850309e-07,0.99999982320134229,闭环仿真数据，非实测
13.46000000,1,0.99999991412364742,0.99999999838910159,1.7175270516922581e-07,0.99999982663639642,闭环仿真数据，非实测
13.48000000,1,0.99999991579221525,0.99999999842027731,1.684155694903211e-07,0.99999983000470782,闭环仿真数据，非实测
13.50000000,1,0.99999991742836047,0.99999999845085241,1.6514327905170489e-07,0.99999983330757336,闭环仿真数据，非实测
13.52000000,1,0.99999991903271335,0.99999999848083809,1.6193457330615502e-07,0.99999983654626479,闭环仿真数据，非实测
13.54000000,1,0.99999992060589171,0.99999999851024568,1.5878821657544506e-07,0.9999998397220291,闭环仿真数据，非实测
13.56000000,1,0.99999992214850131,0.99999999853908639,1.5570299738421056e-07,0.999999842836089,闭环仿真数据，非实测
13.58000000,1,0.99999992366113633,0.99999999856737087,1.5267772734972596e-07,0.99999984588964352,闭环仿真数据，非实测
13.60000000,1,0.99999992514437908,0.99999999859511024,1.4971124184803841e-07,0.99999984888386839,闭环仿真数据，非实测
13.62000000,1,0.99999992659880099,0.99999999862231437,1.4680239801556638e-07,0.99999985181991635,闭环仿真数据，非实测
13.64000000,1,0.99999992802496218,0.99999999864899347,1.4395007563727802e-07,0.99999985469891783,闭环仿真数据，非实测
13.66000000,1,0.99999992942341176,0.99999999867515788,1.4115317648055736e-07,0.99999985752198139,闭环仿真数据，非实测
13.68000000,1,0.99999993079468819,0.99999999870081746,1.3841062362907053e-07,0.99999986029019383,闭环仿真数据，非实测
13.70000000,1,0.99999993213931959,0.99999999872598189,1.3572136081663189e-07,0.99999986300462107,闭环仿真数据，非实测
13.72000000,1,0.99999993345782379,0.99999999875066059,1.3308435242720407e-07,0.99999986566630816,闭环仿真数据，非实测
13.74000000,1,0.99999993475070859,0.99999999877486268,1.3049858282876414e-07,0.99999986827627985,闭环仿真数据，非实测
13.76000000,1,0.9999999360184717,0.99999999879859758,1.2796305659534823e-07,0.99999987083554098,闭环仿真数据，非实测
13.78000000,1,0.99999993726160141,0.99999999882187407,1.2547679717478388e-07,0.9999998733450769,闭环仿真数据，非实测
13.80000000,1,0.99999993848057644,0.99999999884470092,1.2303884711073465e-07,0.99999987580585381,闭环仿真数据，非实测
13.82000000,1,0.9999999396758662,0.99999999886708679,1.2064826759861091e-07,0.99999987821881919,闭环仿真数据，非实测
13.84000000,1,0.99999994084793087,0.99999999888904023,1.1830413826352526e-07,0.99999988058490197,闭环仿真数据，非实测
13.86000000,1,0.99999994199722175,0.99999999891056957,1.1600555649415867e-07,0.99999988290501307,闭环仿真数据，非实测
13.88000000,1,0.9999999431241815,0.99999999893168279,1.137516369986713e-07,0.99999988518004579,闭环仿真数据，非实测
13.90000000,1,0.9999999442292441,0.99999999895238778,1.1154151180470251e-07,0.99999988741087598,闭环仿真数据，非实测
13.92000000,1,0.99999994531283498,0.99999999897269265,1.0937433003732622e-07,0.99999988959836261,闭环仿真数据，非实测
13.94000000,1,0.99999994637537137,0.99999999899260505,1.0724925725291712e-07,0.9999998917433478,闭环仿真数据，非实测
13.96000000,1,0.9999999474172625,0.99999999901213232,1.0516547499506146e-07,0.99999989384665733,闭环仿真数据，非实测
13.98000000,1,0.99999994843890938,0.99999999903128223,1.0312218123864625e-07,0.99999989590910099,闭环仿真数据，非实测
14.00000000,1,0.99999994944070547,0.99999999905006187,1.0111858905759163e-07,0.99999989793147281,闭环仿真数据，非实测
14.02000000,1,0.99999995042303647,0.99999999906847847,9.9153927068940106e-08,0.9999998999145514,闭环仿真数据，非实测
14.04000000,1,0.99999995138628073,0.99999999908653869,9.722743854467808e-08,0.99999990185910015,闭环仿真数据，非实测
14.06000000,1,0.99999995233080907,0.99999999910424964,9.5338381855825105e-08,0.99999990376586778,闭环仿真数据，非实测
14.08000000,1,0.99999995325698521,0.99999999912161797,9.3486029584255448e-08,0.99999990563558838,闭环仿真数据，非实测
14.10000000,1,0.99999995416516585,0.99999999913865001,9.1669668300653484e-08,0.99999990746898171,闭环仿真数据，非实测
14.12000000,1,0.9999999550557005,0.99999999915535265,8.988859900860291e-08,0.99999990926675364,闭环仿真数据，非实测
14.14000000,1,0.99999995592893209,0.99999999917173221,8.8142135812319111e-08,0.9999999110295964,闭环仿真数据，非实测
14.16000000,1,0.99999995678519693,0.9999999991877947,8.6429606138693771e-08,0.99999991275818856,闭环仿真数据，非实测
14.18000000,1,0.99999995762482463,0.99999999920354632,8.4750350737294866e-08,0.99999991445319558,闭环仿真数据，非实测
14.20000000,1,0.99999995844813849,0.99999999921899307,8.3103723014232855e-08,0.99999991611527006,闭环仿真数据，非实测
14.22000000,1,0.99999995925545548,0.99999999923414085,8.1489089032160678e-08,0.99999991774505181,闭环仿真数据，非实测
14.24000000,1,0.99999996004708658,0.99999999924899519,7.9905826844139938e-08,0.99999991934316834,闭环仿真数据，非实测
14.26000000,1,0.99999996082333642,0.99999999926356209,7.8353327159774722e-08,0.99999992091023493,闭环仿真数据，非实测
14.28000000,1,0.99999996158450388,0.999999999277847,7.6830992234988571e-08,0.99999992244685476,闭环仿真数据，非实测
14.30000000,1,0.99999996233088206,0.99999999929185535,7.5338235872024484e-08,0.99999992395361947,闭环仿真数据，非实测
14.32000000,1,0.9999999630627584,0.99999999930559236,7.3874483197400309e-08,0.99999992543110916,闭环仿真数据，非实测
14.34000000,1,0.99999996378041456,0.99999999931906347,7.2439170883953352e-08,0.99999992687989259,闭环仿真数据，非实测
14.36000000,1,0.99999996448412698,0.99999999933227357,7.103174604061735e-08,0.99999992830052753,闭环仿真数据，非实测
14.38000000,1,0.99999996517416656,0.99999999934522776,6.9651666878556284e-08,0.99999992969356089,闭环仿真数据，非实测
14.40000000,1,0.99999996585079887,0.99999999935793116,6.8298402267075176e-08,0.99999993105952889,闭环仿真数据，非实测
14.42000000,1,0.99999996651428458,0.9999999993703883,6.697143084544166e-08,0.99999993239895746,闭环仿真数据，非实测
14.44000000,1,0.99999996716487904,0.9999999993826042,6.5670241911064409e-08,0.99999993371236229,闭环仿真数据，非实测
14.46000000,1,0.99999996780283273,0.99999999939458351,6.4394334531314712e-08,0.99999993500024897,闭环仿真数据，非实测
14.48000000,1,0.99999996842839134,0.99999999940633066,6.314321732148187e-08,0.99999993626311334,闭环仿真数据，非实测
14.50000000,1,0.99999996904179556,0.99999999941785045,6.1916408888862406e-08,0.99999993750144156,闭环仿真数据，非实测
14.52000000,1,0.99999996964328175,0.99999999942914675,6.0713436500492435e-08,0.99999993871571025,闭环仿真数据，非实测
14.54000000,1,0.9999999702330814,0.99999999944022422,5.9533837193370687e-08,0.99999993990638703,闭环仿真数据，非实测
14.56000000,1,0.99999997081142156,0.99999999945108708,5.837715688628009e-08,0.9999999410739302,闭环仿真数据，非实测
14.58000000,1,0.99999997137852492,0.99999999946173934,5.7242950157743167e-08,0.99999994221878918,闭环仿真数据，非实测
14.60000000,1,0.99999997193460988,0.99999999947218499,5.6130780246022027e-08,0.99999994334140474,闭环仿真数据，非实测
14.62000000,1,0.99999997247989036,0.99999999948242835,5.5040219271162982e-08,0.99999994444220908,闭环仿真数据，非实测
14.64000000,1,0.99999997301457644,0.99999999949247309,5.3970847124773513e-08,0.99999994552162597,闭环仿真数据，非实测
14.66000000,1,0.99999997353887393,0.9999999995023231,5.2922252136156089e-08,0.99999994658007096,闭环仿真数据，非实测
14.68000000,1,0.99999997405298469,0.99999999951198215,5.1894030628218957e-08,0.99999994761795152,闭环仿真数据，非实测
14.70000000,1,0.99999997455710665,0.99999999952145391,5.0885786695431534e-08,0.99999994863566721,闭环仿真数据，非实测
14.72000000,1,0.99999997505143379,0.99999999953074226,4.9897132425869017e-08,0.99999994963360983,闭环仿真数据，非实测
14.74000000,1,0.9999999755361566,0.9999999995398503,4.8927686790989355e-08,0.99999995061216351,闭环仿真数据，非实测
14.76000000,1,0.99999997601146151,0.99999999954878205,4.7977076977900879e-08,0.99999995157170507,闭环仿真数据，非实测
14.78000000,1,0.99999997647753169,0.99999999955754038,4.7044936613005461e-08,0.99999995251260376,闭环仿真数据，非实测
14.80000000,1,0.99999997693454645,0.99999999956612895,4.6130907094266149e-08,0.99999995343522186,闭环仿真数据，非实测
14.82000000,1,0.99999997738268176,0.9999999995745511,4.5234636480984136e-08,0.99999995433991462,闭环仿真数据，非实测
14.84000000,1,0.99999997782211014,0.99999999958280994,4.4355779715843369e-08,0.99999995522703022,闭环仿真数据，非实测
14.86000000,1,0.9999999782530008,0.99999999959090857,4.3493998402865941e-08,0.99999995609691017,闭环仿真数据，非实测
14.88000000,1,0.99999997867551971,0.99999999959885,4.264896058536749e-08,0.99999995694988941,闭环仿真数据，非实测
14.90000000,1,0.9999999790898294,0.99999999960663744,4.1820341190046406e-08,0.99999995778629625,闭环仿真数据，非实测
14.92000000,1,0.99999997949608943,0.99999999961427377,4.1007821138805411e-08,0.99999995860645263,闭环仿真数据，非实测
14.94000000,1,0.99999997989445621,0.999999999621762,4.0211087570796167e-08,0.99999995941067443,闭环仿真数据，非实测
14.96000000,1,0.99999998028508308,0.99999999962910491,3.9429833842419271e-08,0.99999996019927107,闭环仿真数据，非实测
14.98000000,1,0.99999998066812035,0.99999999963630559,3.8663759305279655e-08,0.99999996097254629,闭环仿真数据，非实测
15.00000000,1,0.99999998104371557,0.9999999996433665,3.7912568862097373e-08,0.99999996173079764,闭环仿真数据，非实测
15.02000000,1,0.99999998141201341,0.99999999965029029,3.7175973188752209e-08,0.99999996247431711,闭环仿真数据，非实测
15.04000000,1,0.99999998177315552,0.99999999965707986,3.6453688956328278e-08,0.99999996320339091,闭环仿真数据，非实测
15.06000000,1,0.99999998212728103,0.99999999966373765,3.5745437942935609e-08,0.99999996391829971,闭环仿真数据，非实测
15.08000000,1,0.99999998247452615,0.99999999967026632,3.505094769984396e-08,0.99999996461931862,闭环仿真数据，非实测
15.10000000,1,0.99999998281502456,0.99999999967666853,3.4369950885348999e-08,0.99999996530671764,闭环仿真数据，非实测
15.12000000,1,0.99999998314890748,0.99999999968294639,3.3702185042727706e-08,0.99999996598076135,闭环仿真数据，非实测
15.14000000,1,0.99999998347630337,0.99999999968910247,3.3047393266372183e-08,0.9999999666417092,闭环仿真数据，非实测
15.16000000,1,0.99999998379733834,0.99999999969513897,3.2405323313611234e-08,0.99999996728981566,闭环仿真数据，非实测
15.18000000,1,0.99999998411213598,0.99999999970105824,3.1775728048799579e-08,0.99999996792533019,闭环仿真数据，非实测
15.20000000,1,0.99999998442081728,0.99999999970686293,3.1158365443317848e-08,0.99999996854849749,闭环仿真数据，非实测
15.22000000,1,0.99999998472350127,0.99999999971255493,3.0552997465349563e-08,0.99999996915955747,闭环仿真数据，非实测
15.24000000,1,0.9999999850203044,0.99999999971813647,2.9959391190104157e-08,0.99999996975874528,闭环仿真数据，非实测
15.26000000,1,0.99999998531134093,0.99999999972360976,2.9377318133683161e-08,0.99999997034629162,闭环仿真数据，非实测
15.28000000,1,0.99999998559672298,0.99999999972897669,2.8806554031035603e-08,0.99999997092242265,闭环仿真数据，非实测
15.30000000,1,0.99999998587656036,0.99999999973423948,2.824687928004721e-08,0.9999999714873602,闭环仿真数据，非实测
15.32000000,1,0.99999998615096075,0.99999999973940024,2.7698078497451206e-08,0.99999997204132174,闭环仿真数据，非实测
15.34000000,1,0.99999998642002985,0.99999999974446085,2.7159940296783702e-08,0.99999997258452056,闭环仿真数据，非实测
15.36000000,1,0.99999998668387124,0.99999999974942322,2.6632257510428303e-08,0.99999997311716571,闭环仿真数据，非实测
15.38000000,1,0.99999998694258641,0.99999999975428944,2.6114827189616108e-08,0.99999997363946225,闭环仿真数据，非实测
15.40000000,1,0.99999998719627503,0.99999999975906118,2.5607449938291893e-08,0.99999997415161124,闭环仿真数据，非实测
15.42000000,1,0.99999998744503482,0.99999999976374021,2.5109930357203325e-08,0.99999997465380985,闭环仿真数据，非实测
15.44000000,1,0.99999998768896148,0.99999999976832843,2.4622077043900958e-08,0.99999997514625139,闭环仿真数据，非实测
15.46000000,1,0.99999998792814893,0.99999999977282761,2.4143702148649027e-08,0.99999997562912546,闭环仿真数据，非实测
15.48000000,1,0.99999998816268931,0.9999999997772393,2.3674621374425442e-08,0.99999997610261793,闭环仿真数据，非实测
15.50000000,1,0.9999999883926729,0.99999999978156517,2.32146541989664e-08,0.99999997656691098,闭环仿真数据，非实测
15.52000000,1,0.99999998861818806,0.99999999978580734,2.2763623874766381e-08,0.99999997702218346,闭环仿真数据，非实测
15.54000000,1,0.99999998883932173,0.99999999978996712,2.2321356540899728e-08,0.99999997746861058,闭环仿真数据，非实测
15.56000000,1,0.99999998905615906,0.99999999979404608,2.1887681889154464e-08,0.99999997790636419,闭环仿真数据，非实测
15.58000000,1,0.99999998926878342,0.99999999979804599,2.1462433164032291e-08,0.99999997833561283,闭环仿真数据，非实测
15.60000000,1,0.99999998947727686,0.99999999980196808,2.1045446274570168e-08,0.9999999787565218,闭环仿真数据，非实测
15.62000000,1,0.99999998968171944,0.99999999980581411,2.0636561126607944e-08,0.99999997916925298,闭环仿真数据，非实测
15.64000000,1,0.99999998988218997,0.99999999980958543,2.0235620068476123e-08,0.99999997957396536,闭环仿真数据，非实测
15.66000000,1,0.99999999007876561,0.99999999981328347,1.9842468779174283e-08,0.99999997997081469,闭环仿真数据，非实测
15.68000000,1,0.99999999027152198,0.9999999998169099,1.9456956046326468e-08,0.99999998035995386,闭环仿真数据，非实测
15.70000000,1,0.99999999046053334,0.99999999982046583,1.9078933322091984e-08,0.99999998074153251,闭环仿真数据，非实测
15.72000000,1,0.99999999064587242,0.99999999982395282,1.8708255167254606e-08,0.99999998111569766,闭环仿真数据，非实测
15.74000000,1,0.9999999908276106,0.99999999982737209,1.8344778807133366e-08,0.99999998148259328,闭环仿真数据，非实测
15.76000000,1,0.99999999100581782,0.99999999983072496,1.7988364353627162e-08,0.99999998184236061,闭环仿真数据，非实测
15.78000000,1,0.99999999118056271,0.99999999983401267,1.763887458317015e-08,0.99999998219513808,闭环仿真数据，非实测
15.80000000,1,0.99999999135191242,0.99999999983723675,1.729617515877635e-08,0.99999998254106159,闭环仿真数据，非实测
15.82000000,1,0.99999999151993302,0.99999999984039822,1.6960133963905832e-08,0.99999998288026426,闭环仿真数据，非实测
15.84000000,1,0.99999999168468923,0.99999999984349819,1.6630621546553925e-08,0.99999998321287664,闭环仿真数据，非实测
15.86000000,1,0.99999999184624444,0.99999999984653798,1.6307511119251217e-08,0.99999998353902686,闭环仿真数据，非实测
15.88000000,1,0.99999999200466083,0.99999999984951882,1.5990678337018949e-08,0.99999998385884048,闭环仿真数据，非实测
15.90000000,1,0.99999999215999946,0.99999999985244159,1.5680001075324412e-08,0.99999998417244051,闭环仿真数据，非实测
15.92000000,1,0.99999999231231995,0.99999999985530785,1.5375360096214763e-08,0.99999998447994776,闭环仿真数据，非实测
15.94000000,1,0.99999999246168114,0.99999999985811827,1.507663771604939e-08,0.99999998478148056,闭环仿真数据，非实测
15.96000000,1,0.99999999260814043,0.99999999986087407,1.4783719137767548e-08,0.99999998507715493,闭环仿真数据，非实测
15.98000000,1,0.99999999275175411,0.99999999986357657,1.4496491784754539e-08,0.99999998536708479,闭环仿真数据，非实测
16.00000000,1,0.99999999289257757,0.99999999986622656,1.4214844856752507e-08,0.99999998565138171,闭环仿真数据，非实测
16.02000000,1,0.99999999303066511,0.99999999986882493,1.3938669773949641e-08,0.99999998593015516,闭环仿真数据，非实测
16.04000000,1,0.99999999316606969,0.999999999871373,1.3667860621069394e-08,0.99999998620351238,闭环仿真数据，非实测
16.06000000,1,0.99999999329884359,0.99999999987387145,1.3402312815102846e-08,0.99999998647155863,闭环仿真数据，非实测
16.08000000,1,0.99999999342903778,0.9999999998763216,1.3141924437576336e-08,0.99999998673439716,闭环仿真数据，非实测
16.10000000,1,0.99999999355670255,0.99999999987872401,1.2886594902283832e-08,0.99999998699212911,闭环仿真数据，非实测
16.12000000,1,0.99999999368188697,0.99999999988107968,1.2636226065509959e-08,0.99999998724485362,闭环仿真数据，非实测
16.14000000,1,0.99999999380463922,0.99999999988338961,1.2390721559896178e-08,0.99999998749266805,闭环仿真数据，非实测
16.16000000,1,0.99999999392500649,0.9999999998856548,1.2149987016485397e-08,0.99999998773566778,闭环仿真数据，非实测
16.18000000,1,0.99999999404303519,0.99999999988787602,1.1913929620632757e-08,0.9999999879739464,闭环仿真数据，非实测
16.20000000,1,0.99999999415877072,0.99999999989005417,1.1682458556094844e-08,0.99999998820759561,闭环仿真数据，非实测
16.22000000,1,0.99999999427225772,0.99999999989218991,1.1455484560940477e-08,0.99999998843670534,闭环仿真数据，非实测
16.24000000,1,0.99999999438353993,0.9999999998942839,1.1232920149595316e-08,0.99999998866136375,闭环仿真数据，非实测
16.26000000,1,0.99999999449265997,0.99999999989633737,1.101468005693107e-08,0.99999998888165731,闭环仿真数据，非实测
16.28000000,1,0.99999999459965994,0.99999999989835109,1.0800680128042472e-08,0.99999998909767096,闭环仿真数据，非实测
16.30000000,1,0.99999999470458101,0.99999999990032573,1.0590837984381096e-08,0.99999998930948775,闭环仿真数据，非实测
16.32000000,1,0.99999999480746371,0.99999999990226174,1.0385072579666144e-08,0.99999998951718916,闭环仿真数据，非实测
16.34000000,1,0.99999999490834746,0.99999999990416033,1.0183305088062866e-08,0.99999998972085524,闭环仿真数据，非实测
16.36000000,1,0.99999999500727121,0.99999999990602195,9.9854575719149352e-09,0.99999998992056438,闭环仿真数据，非实测
16.38000000,1,0.99999999510427307,0.99999999990784738,9.7914538699228615e-09,0.99999999011639351,闭环仿真数据，非实测
16.40000000,1,0.9999999951993902,0.9999999999096375,9.6012195971439951e-09,0.99999999030841791,闭环仿真数据，非实测
16.42000000,1,0.99999999529265926,0.99999999991139299,9.4146814788587108e-09,0.99999999049671151,闭环仿真数据，非实测
16.44000000,1,0.99999999538411632,0.99999999991311417,9.2317673505704079e-09,0.99999999068134682,闭环仿真数据，非实测
16.46000000,1,0.99999999547379659,0.99999999991480182,9.0524068241393252e-09,0.99999999086239499,闭环仿真数据，非实测
16.48000000,1,0.99999999556173447,0.99999999991645672,8.8765310657379359e-09,0.99999999103992565,闭环仿真数据，非实测
16.50000000,1,0.99999999564796382,0.99999999991807942,8.704072351761738e-09,0.99999999121400707,闭环仿真数据，非实测
16.52000000,1,0.99999999573251774,0.99999999991967092,8.5349645129184637e-09,0.99999999138470641,闭环仿真数据，非实测
16.54000000,1,0.99999999581542898,0.99999999992123134,8.3691420460496602e-09,0.9999999915520893,闭环仿真数据，非实测
16.56000000,1,0.99999999589672928,0.99999999992276156,8.2065414463983188e-09,0.99999999171622012,闭环仿真数据，非实测
16.58000000,1,0.99999999597645006,0.99999999992426203,8.0470998753412459e-09,0.99999999187716215,闭环仿真数据，非实测
16.60000000,1,0.99999999605462198,0.9999999999257333,7.8907560485674821e-09,0.99999999203497725,闭环仿真数据，非实测
16.62000000,1,0.9999999961312751,0.99999999992717603,7.7374497919890928e-09,0.99999999218972624,闭环仿真数据，非实测
16.64000000,1,0.99999999620643898,0.99999999992859068,7.5871220417411678e-09,0.99999999234146864,闭环仿真数据，非实测
16.66000000,1,0.99999999628014258,0.99999999992997779,7.4397148441818217e-09,0.99999999249026295,闭环仿真数据，非实测
16.68000000,1,0.9999999963524141,0.99999999993133815,7.2951717999814036e-09,0.99999999263616635,闭环仿真数据，非实测
16.70000000,1,0.99999999642328152,0.99999999993267208,7.1534369538994724e-09,0.99999999277923513,闭环仿真数据，非实测
16.72000000,1,0.99999999649277216,0.99999999993397992,7.0144556829632165e-09,0.99999999291952424,闭环仿真数据，非实测
16.74000000,1,0.99999999656091265,0.99999999993526245,6.8781746964674539e-09,0.99999999305708775,闭环仿真数据，非实测
16.76000000,1,0.99999999662772932,0.99999999993652,6.7445413698408174e-09,0.99999999319197863,闭环仿真数据，非实测
16.78000000,1,0.99999999669324779,0.99999999993775313,6.6135044107795693e-09,0.99999999332424871,闭环仿真数据，非实测
16.80000000,1,0.99999999675749329,0.99999999993896238,6.4850134151583916e-09,0.99999999345394897,闭环仿真数据，非实测
16.82000000,1,0.99999999682049068,0.99999999994014799,6.3590186449857811e-09,0.99999999358112934,闭环仿真数据，非实测
16.84000000,1,0.99999999688226404,0.99999999994131072,6.235471916582469e-09,0.99999999370583881,闭环仿真数据，非实测
16.86000000,1,0.99999999694283725,0.99999999994245081,6.1143254903583966e-09,0.99999999382812532,闭环仿真数据，非实测
16.88000000,1,0.99999999700223363,0.9999999999435687,5.9955327369465294e-09,0.99999999394803596,闭环仿真数据，非实测
16.90000000,1,0.99999999706047593,0.99999999994466504,5.879048137202858e-09,0.9999999940656169,闭环仿真数据，非实测
16.92000000,1,0.99999999711758669,0.99999999994574007,5.7648266160725825e-09,0.99999999418091345,闭环仿真数据，非实测
16.94000000,1,0.99999999717358778,0.99999999994679434,5.6528244307685327e-09,0.99999999429396991,闭环仿真数据，非实测
16.96000000,1,0.99999999722850097,0.99999999994782796,5.5429980605481433e-09,0.99999999440482989,闭环仿真数据，非实测
16.98000000,1,0.99999999728234723,0.99999999994884159,5.4353055389810834e-09,0.99999999451353605,闭环仿真数据，非实测
17.00000000,1,0.99999999733514744,0.99999999994983524,5.3297051216816271e-09,0.99999999462013012,闭环仿真数据，非实测
17.02000000,1,0.99999999738692169,0.9999999999508099,5.2261566185762831e-09,0.99999999472465328,闭环仿真数据，非实测
17.04000000,1,0.99999999743769008,0.99999999995176547,5.1246198395915599e-09,0.99999999482714563,闭环仿真数据，非实测
17.06000000,1,0.99999999748747204,0.99999999995270272,5.0250559269215955e-09,0.9999999949276468,闭环仿真数据，非实测
17.08000000,1,0.99999999753628688,0.99999999995362154,4.9274262448051331e-09,0.9999999950261953,闭环仿真数据，非实测
17.10000000,1,0.99999999758415326,0.99999999995452271,4.8316934897485453e-09,0.99999999512282922,闭环仿真数据，非实测
17.12000000,1,0.99999999763108971,0.99999999995540623,4.7378205803028095e-09,0.99999999521758565,闭环仿真数据，非实测
17.14000000,1,0.99999999767711434,0.99999999995627242,4.645771323197323e-09,0.9999999953105011,闭环仿真数据，非实测
17.16000000,1,0.99999999772224468,0.99999999995712197,4.5555106353845076e-09,0.99999999540161133,闭环仿真数据，非实测
17.18000000,1,0.99999999776649817,0.99999999995795508,4.4670036558613901e-09,0.99999999549095142,闭环仿真数据，非实测
17.20000000,1,0.99999999780989191,0.99999999995877198,4.3802161897588121e-09,0.99999999557855579,闭环仿真数据，非实测
17.22000000,1,0.99999999785244265,0.99999999995957278,4.2951147083414298e-09,0.99999999566445807,闭环仿真数据，非实测
17.24000000,1,0.99999999789416671,0.99999999996035793,4.2116665710523193e-09,0.99999999574869136,闭环仿真数据，非实测
17.26000000,1,0.9999999979350801,0.99999999996112798,4.1298398034683714e-09,0.99999999583128818,闭环仿真数据，非实测
17.28000000,1,0.99999999797519856,0.99999999996188316,4.0496028752556867e-09,0.99999999591228028,闭环仿真数据，非实测
17.30000000,1,0.99999999801453754,0.99999999996262368,3.9709249222141807e-09,0.99999999599169875,闭环仿真数据，非实测
17.32000000,1,0.99999999805311224,0.99999999996334976,3.8937755242329786e-09,0.99999999606957424,闭环仿真数据，非实测
17.34000000,1,0.99999999809093743,0.99999999996406186,3.8181251493796253e-09,0.99999999614593671,闭环仿真数据，非实测
17.36000000,1,0.99999999812802776,0.99999999996476008,3.7439444877662709e-09,0.99999999622081559,闭环仿真数据，非实测
17.38000000,1,0.99999999816439755,0.99999999996544453,3.6712048956388799e-09,0.99999999629423963,闭环仿真数据，非实测
17.40000000,1,0.99999999820006069,0.99999999996611577,3.5998786174218367e-09,0.99999999636623715,闭环仿真数据，非实测
17.42000000,1,0.99999999823503094,0.99999999996677402,3.5299381195841306e-09,0.9999999964368359,闭环仿真数据，非实测
17.44000000,1,0.99999999826932173,0.99999999996741962,3.4613565347285657e-09,0.99999999650606308,闭环仿真数据，非实测
17.46000000,1,0.99999999830294628,0.99999999996805267,3.394107439547156e-09,0.99999999657394523,闭环仿真数据，非实测
17.48000000,1,0.99999999833591757,0.99999999996867339,3.3281648548211251e-09,0.99999999664050854,闭环仿真数据，非实测
17.50000000,1,0.99999999836824838,0.99999999996928179,3.2635032454209068e-09,0.99999999670577855,闭环仿真数据，非实测
17.52000000,1,0.99999999839995091,0.99999999996987865,3.2000981864399591e-09,0.99999999676978046,闭环仿真数据，非实测
17.54000000,1,0.9999999984310376,0.99999999997046374,3.1379248088825307e-09,0.99999999683253893,闭环仿真数据，非实测
17.56000000,1,0.99999999846152021,0.99999999997103772,3.0769595760204993e-09,0.99999999689407815,闭环仿真数据，非实测
17.58000000,1,0.99999999849141064,0.9999999999716005,3.017178729081138e-09,0.99999999695442177,闭环仿真数据，非实测
17.60000000,1,0.99999999852072041,0.99999999997215216,2.9585591754255347e-09,0.99999999701359299,闭环仿真数据，非实测
17.62000000,1,0.99999999854946064,0.99999999997269329,2.9010787105931968e-09,0.99999999707161458,闭环仿真数据，非实测
17.64000000,1,0.99999999857764255,0.99999999997322375,2.8447149080790268e-09,0.99999999712850884,闭环仿真数据，非实测
17.66000000,1,0.99999999860527689,0.999999999973744,2.7894462295563471e-09,0.99999999718429777,闭环仿真数据，非实测
17.68000000,1,0.99999999863237432,0.99999999997425415,2.7352513587430849e-09,0.99999999723900279,闭环仿真数据，非实测
17.70000000,1,0.99999999865894529,0.99999999997475442,2.6821094234463771e-09,0.99999999729264499,闭环仿真数据，非实测
17.72000000,1,0.999999998685,0.99999999997524502,2.6299999955625708e-09,0.99999999734524503,闭环仿真数据，非实测
17.74000000,1,0.99999999871054857,0.99999999997572597,2.5789028690326177e-09,0.9999999973968231,闭环仿真数据，非实测
17.76000000,1,0.99999999873560075,0.9999999999761976,2.5287985039312844e-09,0.99999999744739909,闭环仿真数据，非实测
17.78000000,1,0.99999999876016621,0.99999999997666,2.4796675823779424e-09,0.99999999749699242,闭环仿真数据，非实测
17.80000000,1,0.99999999878425438,0.99999999997711353,2.4314912305811731e-09,0.9999999975456223,闭环仿真数据，非实测
17.82000000,1,0.9999999988078746,0.99999999997755806,2.3842507967941629e-09,0.99999999759330727,闭环仿真数据，非实测
17.84000000,1,0.99999999883103585,0.99999999997799416,2.3379282954039127e-09,0.99999999764006586,闭环仿真数据，非实测
17.86000000,1,0.99999999885374713,0.99999999997842171,2.2925057407974236e-09,0.99999999768591596,闭环仿真数据，非实测
17.88000000,1,0.99999999887601709,0.99999999997884115,2.2479658134955116e-09,0.99999999773087533,闭环仿真数据，非实测
17.90000000,1,0.9999999988978544,0.99999999997925237,2.2042911940189924e-09,0.99999999777496118,闭环仿真数据，非实测
17.92000000,1,0.99999999891926761,0.99999999997965527,2.1614647849332869e-09,0.99999999781819049,闭环仿真数据，非实测
17.94000000,1,0.99999999894026459,0.99999999998005074,2.1194708210714452e-09,0.99999999786057991,闭环仿真数据，非实测
17.96000000,1,0.99999999896085379,0.9999999999804382,2.0782924270434933e-09,0.99999999790214578,闭环仿真数据，非实测
17.98000000,1,0.99999999898104286,0.99999999998081834,2.0379142817716911e-09,0.99999999794290406,闭环仿真数据，非实测
18.00000000,1,0.9999999990008398,0.99999999998119082,1.9983203980444841e-09,0.99999999798287043,闭环仿真数据，非实测
18.02000000,1,0.99999999902025205,0.9999999999815562,1.9594958988733424e-09,0.9999999980220603,闭环仿真数据，非实测
18.04000000,1,0.99999999903928705,0.99999999998191469,1.9214259072697359e-09,0.99999999806048878,闭环仿真数据，非实测
18.06000000,1,0.99999999905795223,0.99999999998226619,1.8840955462451348e-09,0.99999999809817064,闭环仿真数据，非实测
18.08000000,1,0.99999999907625481,0.9999999999826108,1.8474903829002187e-09,0.99999999813512042,闭环仿真数据，非实测
18.10000000,1,0.9999999990942019,0.99999999998294853,1.8115962063802726e-09,0.99999999817135232,闭环仿真数据，非实测
18.12000000,1,0.99999999911180026,0.99999999998327982,1.7763994719643961e-09,0.99999999820688035,闭环仿真数据，非实测
18.14000000,1,0.99999999912905668,0.99999999998360467,1.7418866349316886e-09,0.99999999824171804,闭环仿真数据，非实测
18.16000000,1,0.99999999914597792,0.99999999998392308,1.7080441505612498e-09,0.99999999827587893,闭环仿真数据，非实测
18.18000000,1,0.99999999916257043,0.99999999998423528,1.674859140265994e-09,0.99999999830937614,闭环仿真数据，非实测
18.20000000,1,0.99999999917884042,0.9999999999845417,1.6423191695480455e-09,0.99999999834222253,闭环仿真数据，非实测
18.22000000,1,0.99999999919479443,0.9999999999848419,1.6104111377757135e-09,0.99999999837443077,闭环仿真数据，非实测
18.24000000,1,0.99999999921043847,0.99999999998513633,1.5791230545403323e-09,0.99999999840601328,闭环仿真数据，非实测
18.26000000,1,0.99999999922577854,0.9999999999854251,1.5484429294332358e-09,0.99999999843698217,闭环仿真数据，非实测
18.28000000,1,0.99999999924082061,0.9999999999857081,1.5183587720457581e-09,0.99999999846734933,闭环仿真数据，非实测
18.30000000,1,0.99999999925557037,0.99999999998598577,1.488859258103048e-09,0.99999999849712651,闭环仿真数据，非实测
18.32000000,1,0.99999999927003347,0.99999999998625821,1.4599330633302543e-09,0.99999999852632515,闭环仿真数据，非实测
18.34000000,1,0.99999999928421568,0.99999999998652511,1.4315686414079209e-09,0.99999999855495647,闭环仿真数据，非实测
18.36000000,1,0.99999999929812233,0.9999999999867869,1.4037553341950115e-09,0.99999999858303157,闭环仿真数据，非实测
18.38000000,1,0.99999999931175876,0.9999999999870437,1.3764824835504896e-09,0.99999999861056121,闭环仿真数据，非实测
18.40000000,1,0.99999999932513028,0.99999999998729538,1.3497394313333189e-09,0.99999999863755595,闭环仿真数据，非实测
18.42000000,1,0.99999999933824202,0.99999999998754219,1.3235159634916727e-09,0.99999999866402622,闭环仿真数据，非实测
18.44000000,1,0.99999999935109907,0.99999999998778411,1.2978018659737245e-09,0.99999999868998224,闭环仿真数据，非实测
18.46000000,1,0.9999999993637062,0.99999999998802158,1.2725875908614626e-09,0.99999999871543399,闭环仿真数据，非实测
18.48000000,1,0.99999999937606854,0.99999999998825417,1.2478629241030603e-09,0.99999999874039125,闭环仿真数据，非实测
18.50000000,1,0.99999999938819062,0.99999999998848244,1.2236187618697159e-09,0.99999999876486367,闭环仿真数据，非实测
18.52000000,1,0.99999999940007722,0.99999999998870615,1.1998455562434174e-09,0.99999999878886059,闭环仿真数据，非实测
18.54000000,1,0.9999999994117329,0.99999999998892553,1.176534203395363e-09,0.99999999881239132,闭环仿真数据，非实测
18.56000000,1,0.99999999942316209,0.99999999998914069,1.1536758215413556e-09,0.99999999883546487,闭环仿真数据，非实测
18.58000000,1,0.99999999943436924,0.99999999998935163,1.1312615288971983e-09,0.9999999988580901,闭环仿真数据，非实测
18.60000000,1,0.99999999944535867,0.99999999998955846,1.109282665723299e-09,0.9999999988802758,闭环仿真数据，非实测
18.62000000,1,0.9999999994561346,0.99999999998976119,1.0877307943246706e-09,0.9999999989020304,闭环仿真数据，非实测
18.64000000,1,0.99999999946670115,0.99999999998996003,1.0665976990509307e-09,0.99999999892336233,闭环仿真数据，非实测
18.66000000,1,0.99999999947706231,0.99999999999015521,1.0458753862963022e-09,0.99999999894427982,闭环仿真数据，非实测
18.68000000,1,0.99999999948722218,0.99999999999034661,1.0255556404104027e-09,0.99999999896479097,闭环仿真数据，非实测
18.70000000,1,0.99999999949718466,0.99999999999053424,1.0056306898320599e-09,0.99999999898490355,闭环仿真数据，非实测
18.72000000,1,0.99999999950695362,0.9999999999907182,9.8609276300010151e-10,0.99999999900462544,闭环仿真数据，非实测
18.74000000,1,0.99999999951653284,0.99999999999089839,9.6693431039795996e-10,0.99999999902396408,闭环仿真数据，非实测
18.76000000,1,0.999999999525926,0.99999999999107503,9.4814800455367276e-10,0.99999999904292702,闭环仿真数据，非实测
18.78000000,1,0.99999999953513652,0.99999999999124856,9.2972696208448724e-10,0.99999999906152159,闭环仿真数据，非实测
18.80000000,1,0.99999999954416807,0.99999999999141875,9.1166385551844087e-10,0.9999999990797549,闭环仿真数据，非实测
18.82000000,1,0.99999999955302421,0.99999999999158551,8.9395157942817605e-10,0.99999999909763393,闭环仿真数据，非实测
18.84000000,1,0.99999999956170826,0.99999999999174904,8.7658347247554502e-10,0.99999999911516557,闭环仿真数据，非实测
18.86000000,1,0.99999999957022356,0.99999999999190947,8.5955287332240005e-10,0.9999999991323566,闭环仿真数据，非实测
18.88000000,1,0.99999999957857355,0.99999999999206657,8.4285289858598844e-10,0.99999999914921367,闭环仿真数据，非实测
18.90000000,1,0.99999999958676122,0.99999999999222078,8.2647755306197723e-10,0.99999999916574323,闭环仿真数据，非实测
18.92000000,1,0.99999999959478991,0.99999999999237177,8.1042017541221867e-10,0.99999999918195159,闭环仿真数据，非实测
18.94000000,1,0.9999999996026625,0.99999999999252009,7.946749924769847e-10,0.9999999991978451,闭环仿真数据，非实测
18.96000000,1,0.99999999961038222,0.99999999999266542,7.792355649627325e-10,0.99999999921342986,闭环仿真数据，非实测
18.98000000,1,0.99999999961795194,0.99999999999280786,7.6409611970973401e-10,0.99999999922871174,闭环仿真数据，非实测
19.00000000,1,0.99999999962537456,0.99999999999294764,7.4925088355826119e-10,0.99999999924369676,闭环仿真数据，非实测
19.02000000,1,0.99999999963265296,0.99999999999308475,7.3469408334858599e-10,0.99999999925839067,闭环仿真数据，非实测
19.04000000,1,0.99999999963979003,0.99999999999321898,7.2041994592098035e-10,0.99999999927279903,闭环仿真数据，非实测
19.06000000,1,0.99999999964678843,0.99999999999335065,7.0642314220492608e-10,0.99999999928692751,闭环仿真数据，非实测
19.08000000,1,0.99999999965365083,0.99999999999347977,6.9269834312990497e-10,0.99999999930078143,闭环仿真数据，非实测
19.10000000,1,0.99999999966037989,0.99999999999360645,6.7924021962539882e-10,0.99999999931436623,闭环仿真数据，非实测
19.12000000,1,0.99999999966697828,0.99999999999373057,6.6604344262088944e-10,0.99999999932768713,闭环仿真数据，非实测
19.14000000,1,0.99999999967344844,0.99999999999385236,6.5310312713506846e-10,0.99999999934074923,闭环仿真数据，非实测
19.16000000,1,0.99999999967979292,0.99999999999397171,6.4041416614202262e-10,0.99999999935355754,闭环仿真数据，非实测
19.18000000,1,0.99999999968601405,0.99999999999408884,6.2797189670504849e-10,0.99999999936611694,闭环仿真数据，非实测
19.20000000,1,0.99999999969211439,0.99999999999420353,6.157712117982328e-10,0.99999999937843231,闭环仿真数据，非实测
19.22000000,1,0.99999999969809616,0.9999999999943161,6.0380767052947704e-10,0.99999999939050843,闭环仿真数据，非实测
19.24000000,1,0.9999999997039617,0.99999999999442657,5.9207660996207778e-10,0.99999999940234996,闭环仿真数据，非实测
19.26000000,1,0.99999999970971332,0.99999999999453482,5.8057336715933161e-10,0.99999999941396145,闭环仿真数据，非实测
19.28000000,1,0.99999999971535314,0.99999999999464106,5.6929372327374494e-10,0.99999999942534734,闭环仿真数据，非实测
19.30000000,1,0.99999999972088338,0.9999999999947452,5.5823323741321929e-10,0.99999999943651197,闭环仿真数据，非实测
19.32000000,1,0.99999999972630627,0.99999999999484723,5.4738746868565613e-10,0.99999999944745976,闭环仿真数据，非实测
19.34000000,1,0.99999999973162379,0.99999999999494726,5.3675242028816683e-10,0.99999999945819484,闭环仿真数据，非实测
19.36000000,1,0.99999999973683795,0.99999999999504541,5.2632409541786274e-10,0.99999999946872131,闭环仿真数据，非实测
19.38000000,1,0.99999999974195075,0.99999999999514178,5.1609849727185519e-10,0.99999999947904328,闭环仿真数据，非实测
19.40000000,1,0.99999999974696419,0.99999999999523637,5.0607162904725556e-10,0.99999999948916474,闭环仿真数据，非实测
19.42000000,1,0.99999999975188025,0.99999999999532907,4.9623949394117517e-10,0.99999999949908958,闭环仿真数据，非实测
19.44000000,1,0.99999999975670084,0.99999999999541989,4.8659831719533031e-10,0.99999999950882157,闭环仿真数据，非实测
19.46000000,1,0.99999999976142773,0.99999999999550904,4.7714454609604218e-10,0.99999999951836449,闭环仿真数据，非实测
19.48000000,1,0.9999999997660628,0.99999999999559641,4.6787440588502704e-10,0.99999999952772201,闭环仿真数据，非实测
19.50000000,1,0.99999999977060794,0.99999999999568179,4.5878412180400119e-10,0.99999999953689767,闭环仿真数据，非实测
19.52000000,1,0.99999999977506471,0.99999999999576561,4.4987058522849566e-10,0.99999999954589502,闭环仿真数据，非实测
19.54000000,1,0.99999999977943488,0.99999999999584788,4.4113024344483165e-10,0.99999999955471763,闭环仿真数据，非实测
19.56000000,1,0.99999999978372012,0.99999999999592859,4.3255976578393529e-10,0.99999999956336882,闭环仿真数据，非实测
19.58000000,1,0.99999999978792209,0.99999999999600775,4.2415582157673271e-10,0.99999999957185193,闭环仿真数据，非实测
19.60000000,1,0.99999999979204246,0.99999999999608535,4.1591508015415002e-10,0.99999999958017027,闭环仿真数据，非实测
19.62000000,1,0.99999999979608278,0.9999999999961614,4.0783443289171828e-10,0.99999999958832697,闭环仿真数据，非实测
19.64000000,1,0.99999999980004461,0.99999999999623601,3.9991077116496854e-10,0.99999999959632524,闭环仿真数据，非实测
19.66000000,1,0.99999999980392951,0.99999999999630906,3.9214098634943184e-10,0.99999999960416808,闭环仿真数据，非实测
19.68000000,1,0.9999999998077389,0.99999999999638067,3.8452219186524417e-10,0.99999999961185848,闭环仿真数据，非实测
19.70000000,1,0.99999999981147425,0.99999999999645106,3.7705150113254149e-10,0.99999999961939956,闭环仿真数据，非实测
19.72000000,1,0.99999999981513699,0.99999999999652012,3.6972602757145978e-10,0.99999999962679409,闭环仿真数据，非实测
19.74000000,1,0.99999999981872856,0.99999999999658784,3.6254288460213502e-10,0.99999999963404496,闭环仿真数据，非实测
19.76000000,1,0.99999999982225041,0.99999999999665412,3.5549918564470318e-10,0.99999999964115494,闭环仿真数据，非实测
19.78000000,1,0.99999999982570376,0.99999999999671929,3.4859248820851008e-10,0.9999999996481268,闭环仿真数据，非实测
19.80000000,1,0.99999999982909016,0.99999999999678291,3.4181968366908677e-10,0.99999999965496322,闭环仿真数据，非实测
19.82000000,1,0.99999999983241072,0.9999999999968453,3.3517855158038401e-10,0.99999999966166675,闭环仿真数据，非实测
19.84000000,1,0.99999999983566668,0.9999999999969067,3.2866664945174762e-10,0.99999999966824005,闭环仿真数据，非实测
19.86000000,1,0.99999999983885945,0.99999999999696676,3.2228109070331357e-10,0.99999999967468567,闭环仿真数据，非实测
19.88000000,1,0.99999999984199017,0.99999999999702571,3.1601965488903261e-10,0.99999999968100606,闭环仿真数据，非实测
19.90000000,1,0.99999999984506016,0.99999999999708333,3.0987967747364564e-10,0.99999999968720366,闭环仿真数据，非实测
19.92000000,1,0.99999999984807042,0.99999999999713995,3.0385916005570834e-10,0.99999999969328079,闭环仿真数据，非实测
19.94000000,1,0.99999999985102217,0.99999999999719558,2.9795566014456654e-10,0.99999999969923992,闭环仿真数据，非实测
19.96000000,1,0.99999999985391663,0.99999999999724998,2.9216673524956605e-10,0.99999999970508324,闭环仿真数据，非实测
19.98000000,1,0.99999999985675492,0.99999999999730316,2.8649016492465762e-10,0.99999999971081299,闭环仿真数据，非实测
20.00000000,1,0.99999999985953791,0.99999999999735567,2.8092417281300186e-10,0.9999999997164315,闭环仿真数据，非实测
20.02000000,1,0.99999999986226684,0.99999999999740719,2.7546631642394459e-10,0.99999999972194087,闭环仿真数据，非实测
20.04000000,1,0.99999999986494281,0.99999999999745748,2.7011437531143656e-10,0.9999999997273431,闭环仿真数据，非实测
20.06000000,1,0.99999999986756682,0.99999999999750677,2.6486635107403345e-10,0.99999999973264042,闭环仿真数据，非实测
20.08000000,1,0.99999999987013977,0.99999999999755529,2.5972046735489585e-10,0.99999999973783482,闭环仿真数据，非实测
20.10000000,1,0.99999999987266275,0.99999999999760281,2.5467450370797451e-10,0.9999999997429283,闭环仿真数据，非实测
20.12000000,1,0.99999999987513666,0.99999999999764955,2.4972668377643004e-10,0.99999999974792286,闭环仿真数据，非实测
20.14000000,1,0.99999999987756261,0.99999999999769518,2.4487478711421318e-10,0.99999999975282039,闭环仿真数据，非实测
20.16000000,1,0.99999999987994137,0.99999999999774003,2.4011725940908946e-10,0.99999999975762277,闭环仿真数据，非实测
20.18000000,1,0.99999999988227395,0.99999999999778388,2.3545210225961455e-10,0.99999999976233178,闭环仿真数据，非实测
20.20000000,1,0.99999999988456123,0.99999999999782685,2.3087753930894905e-10,0.99999999976694931,闭环仿真数据，非实测
20.22000000,1,0.99999999988680399,0.99999999999786915,2.263920162448585e-10,0.99999999977147713,闭环仿真数据，非实测
20.24000000,1,0.99999999988900323,0.99999999999791056,2.2199353466589855e-10,0.99999999977591703,闭环仿真数据，非实测
20.26000000,1,0.99999999989115973,0.99999999999795119,2.1768054025983474e-10,0.99999999978027065,闭环仿真数据，非实测
20.28000000,1,0.99999999989327437,0.99999999999799094,2.1345125666982767e-10,0.99999999978453968,闭环仿真数据，非实测
20.30000000,1,0.99999999989534794,0.99999999999802991,2.0930412958364286e-10,0.99999999978872578,闭环仿真数据，非实测
20.32000000,1,0.9999999998973812,0.9999999999980681,2.0523760468904584e-10,0.9999999997928305,闭环仿真数据，非实测
20.34000000,1,0.99999999989937494,0.99999999999810563,2.0125012767380213e-10,0.9999999997968555,闭环仿真数据，非实测
20.36000000,1,0.99999999990132993,0.99999999999814249,1.9734014422567725e-10,0.99999999980080234,闭环仿真数据，非实测
20.38000000,1,0.99999999990324695,0.99999999999817857,1.9350610003243673e-10,0.99999999980467247,闭环仿真数据，非实测
20.40000000,1,0.99999999990512667,0.9999999999982141,1.8974666282645103e-10,0.99999999980846743,闭环仿真数据，非实测
20.42000000,1,0.99999999990696986,0.99999999999824896,1.8606027829548566e-10,0.99999999981218868,闭环仿真数据，非实测
20.44000000,1,0.9999999999087773,0.99999999999828293,1.8244539212730615e-10,0.99999999981583754,闭环仿真数据，非实测
20.46000000,1,0.99999999991054966,0.99999999999831624,1.7890067205428295e-10,0.99999999981941556,闭环仿真数据，非实测
20.48000000,1,0.99999999991228761,0.99999999999834888,1.7542478580878651e-10,0.99999999982292409,闭环仿真数据，非实测
20.50000000,1,0.99999999991399169,0.99999999999838107,1.720166231677922e-10,0.99999999982636445,闭环仿真数据，非实测
20.52000000,1,0.99999999991566269,0.9999999999984126,1.6867462981906556e-10,0.99999999982973797,闭环仿真数据，非实测
20.54000000,1,0.99999999991730126,0.99999999999844336,1.6539747349497702e-10,0.99999999983304588,闭环仿真数据，非实测
20.56000000,1,0.99999999991890798,0.99999999999847355,1.6218404397250197e-10,0.99999999983628951,闭环仿真数据，非实测
20.58000000,1,0.9999999999204835,0.9999999999985032,1.5903300898401085e-10,0.99999999983947019,闭环仿真数据，非实测
20.60000000,1,0.99999999992202837,0.99999999999853229,1.5594325830647904e-10,0.99999999984258903,闭环仿真数据，非实测
20.62000000,1,0.99999999992354327,0.99999999999856071,1.5291345967227699e-10,0.99999999984564725,闭环仿真数据，非实测
20.64000000,1,0.99999999992502864,0.9999999999985888,1.4994272490298499e-10,0.99999999984864607,闭环仿真数据，非实测
20.66000000,1,0.99999999992648514,0.99999999999861644,1.4702972173097351e-10,0.99999999985158672,闭环仿真数据，非实测
20.68000000,1,0.99999999992791344,0.99999999999864331,1.4417311788861298e-10,0.99999999985447019,闭环仿真数据，非实测
20.70000000,1,0.99999999992931399,0.99999999999866962,1.4137202519748371e-10,0.99999999985729759,闭环仿真数据，非实测
20.72000000,1,0.99999999993068733,0.99999999999869549,1.3862533343456107e-10,0.99999999986007015,闭环仿真数据，非实测
20.74000000,1,0.99999999993203392,0.99999999999872091,1.3593215442142537e-10,0.99999999986278876,闭环仿真数据，非实测
20.76000000,1,0.99999999993335442,0.99999999999874578,1.3329115589044704e-10,0.99999999986545463,闭环仿真数据，非实测
20.78000000,1,0.99999999993464928,0.99999999999877009,1.307014496632064e-10,0.99999999986806865,闭环仿真数据，非实测
20.80000000,1,0.99999999993591904,0.99999999999879385,1.2816192551667882e-10,0.99999999987063193,闭环仿真数据，非实测
20.82000000,1,0.99999999993716404,0.99999999999881728,1.2567191731704952e-10,0.99999999987314536,闭环仿真数据，非实测
20.84000000,1,0.99999999993838484,0.99999999999884026,1.2323031484129388e-10,0.99999999987560995,闭环仿真数据，非实测
20.86000000,1,0.99999999993958189,0.99999999999886291,1.2083622991099219e-10,0.99999999987802668,闭环仿真数据，非实测
20.88000000,1,0.99999999994075572,0.999999999998885,1.1848855230311983e-10,0.99999999988039645,闭环仿真数据，非实测
20.90000000,1,0.99999999994190669,0.99999999999890676,1.1618661588386203e-10,0.99999999988272015,闭环仿真数据，非实测
20.92000000,1,0.99999999994303534,0.99999999999892808,1.1392931043019416e-10,0.99999999988499877,闭环仿真数据，非实测
20.94000000,1,0.99999999994414213,0.99999999999894884,1.1171574776369653e-10,0.99999999988723309,闭环仿真数据，非实测
20.96000000,1,0.99999999994522748,0.99999999999896905,1.0954503970594942e-10,0.99999999988942401,闭环仿真数据，非实测
20.98000000,1,0.99999999994629163,0.99999999999898903,1.07416742167743e-10,0.99999999989157229,闭环仿真数据，非实测
21.00000000,1,0.99999999994733513,0.99999999999900868,1.0532974492605263e-10,0.99999999989367894,闭环仿真数据，非实测
